-- MariaDB dump 10.19  Distrib 10.4.32-MariaDB, for Win64 (AMD64)
--
-- Host: localhost    Database: nordean
-- ------------------------------------------------------
-- Server version	10.4.32-MariaDB

/*!40101 SET @OLD_CHARACTER_SET_CLIENT=@@CHARACTER_SET_CLIENT */;
/*!40101 SET @OLD_CHARACTER_SET_RESULTS=@@CHARACTER_SET_RESULTS */;
/*!40101 SET @OLD_COLLATION_CONNECTION=@@COLLATION_CONNECTION */;
/*!40101 SET NAMES utf8mb4 */;
/*!40103 SET @OLD_TIME_ZONE=@@TIME_ZONE */;
/*!40103 SET TIME_ZONE='+00:00' */;
/*!40014 SET @OLD_UNIQUE_CHECKS=@@UNIQUE_CHECKS, UNIQUE_CHECKS=0 */;
/*!40014 SET @OLD_FOREIGN_KEY_CHECKS=@@FOREIGN_KEY_CHECKS, FOREIGN_KEY_CHECKS=0 */;
/*!40101 SET @OLD_SQL_MODE=@@SQL_MODE, SQL_MODE='NO_AUTO_VALUE_ON_ZERO' */;
/*!40111 SET @OLD_SQL_NOTES=@@SQL_NOTES, SQL_NOTES=0 */;

--
-- Table structure for table `categories`
--

DROP TABLE IF EXISTS `categories`;
/*!40101 SET @saved_cs_client     = @@character_set_client */;
/*!40101 SET character_set_client = utf8 */;
CREATE TABLE `categories` (
  `id` bigint(20) unsigned NOT NULL AUTO_INCREMENT,
  `name_tr` varchar(255) NOT NULL,
  `name_en` varchar(255) NOT NULL,
  `icon` text DEFAULT NULL,
  `order` int(11) NOT NULL DEFAULT 0,
  `is_active` tinyint(1) NOT NULL DEFAULT 1,
  `created_at` timestamp NULL DEFAULT NULL,
  `updated_at` timestamp NULL DEFAULT NULL,
  PRIMARY KEY (`id`)
) ENGINE=InnoDB AUTO_INCREMENT=7 DEFAULT CHARSET=utf8mb4 COLLATE=utf8mb4_unicode_ci;
/*!40101 SET character_set_client = @saved_cs_client */;

--
-- Dumping data for table `categories`
--

LOCK TABLES `categories` WRITE;
/*!40000 ALTER TABLE `categories` DISABLE KEYS */;
INSERT INTO `categories` VALUES (1,'Yüzer Döşeme - Şap Altı Yalıtımı','Floating Floor - Under Screed Insulation','<path stroke-linecap=\"round\" stroke-linejoin=\"round\" d=\"M2.25 21h19.5m-18-18v18m10.5-18v18m6-13.5V21M6.75 6.75h.75m-.75 3h.75m-.75 3h.75m3-6h.75m-.75 3h.75m-.75 3h.75M6.75 21v-3.375c0-.621.504-1.125 1.125-1.125h2.25c.621 0 1.125.504 1.125 1.125V21M3 3h12m-.75 4.5H21m-3.75 3.75h.008v.008h-.008v-.008Zm0 3h.008v.008h-.008v-.008Zm0 3h.008v.008h-.008v-.008Z\" />',1,1,'2026-01-13 17:13:47','2026-01-13 17:13:47'),(2,'Son Kat Kaplama Altı','Under Final Layer Coating','<path stroke-linecap=\"round\" stroke-linejoin=\"round\" d=\"M6 6.878V6a2.25 2.25 0 0 1 2.25-2.25h7.5A2.25 2.25 0 0 1 18 6v.878m-12 0c.235-.083.487-.128.75-.128h10.5c.263 0 .515.045.75.128m-12 0A2.25 2.25 0 0 0 4.5 9v.878m13.5-3A2.25 2.25 0 0 1 19.5 9v.878m0 0a2.246 2.246 0 0 0-.75-.128H5.25c-.263 0-.515.045-.75.128m15 0A2.25 2.25 0 0 1 21 12v6a2.25 2.25 0 0 1-2.25 2.25H5.25A2.25 2.25 0 0 1 3 18v-6c0-.98.626-1.813 1.5-2.122\" />',2,1,'2026-01-13 17:13:47','2026-01-13 17:13:47'),(3,'Duvar ve Tavan','Wall and Ceiling','<path stroke-linecap=\"round\" stroke-linejoin=\"round\" d=\"M8.25 21v-4.875c0-.621.504-1.125 1.125-1.125h2.25c.621 0 1.125.504 1.125 1.125V21m0 0h4.5V3.545M12.75 21h7.5V10.75M2.25 21h1.5m18 0h-18M2.25 9l4.5-1.636M18.75 3l-1.5.545m0 6.205 3 1m1.5.5-1.5-.5M6.75 7.364V3h-3v18m3-13.636 10.5-3.819\" />',3,1,'2026-01-13 17:13:47','2026-01-13 17:13:47'),(4,'Titreşim Kontrolü','Vibration Control','<path stroke-linecap=\"round\" stroke-linejoin=\"round\" d=\"M9 9V4.5M9 9H4.5M9 9 3.75 3.75M9 15v4.5M9 15H4.5M9 15l-5.25 5.25M15 9h4.5M15 9V4.5M15 9l5.25-5.25M15 15h4.5M15 15v4.5m0-4.5 5.25 5.25\" />',4,1,'2026-01-13 17:13:47','2026-01-13 17:13:47'),(5,'Yardımcı Malzemeler','Auxiliary Materials','<path stroke-linecap=\"round\" stroke-linejoin=\"round\" d=\"M11.42 15.17 17.25 21A2.652 2.652 0 0 0 21 17.25l-5.877-5.877M11.42 15.17l2.496-3.03c.317-.384.74-.626 1.208-.766M11.42 15.17l-4.655 5.653a2.548 2.548 0 1 1-3.586-3.586l6.837-5.63m5.108-.233c.55-.164 1.163-.188 1.743-.14a4.5 4.5 0 0 0 4.486-6.336l-3.276 3.277a3.004 3.004 0 0 1-2.25-2.25l3.276-3.276a4.5 4.5 0 0 0-6.336 4.486c.091 1.076-.071 2.264-.904 2.95l-.102.085m-1.745 1.437L5.909 7.5H4.5L2.25 3.75l1.5-1.5L7.5 4.5v1.409l4.26 4.26m-1.745 1.437 1.745-1.437m6.615 8.206L15.75 15.75M4.867 19.125h.008v.008h-.008v-.008Z\" />',5,1,'2026-01-13 17:13:47','2026-01-13 17:13:47'),(6,'Raylı Sistemler','Rail Systems','<path stroke-linecap=\"round\" stroke-linejoin=\"round\" d=\"M8.25 18.75a1.5 1.5 0 0 1-3 0m3 0a1.5 1.5 0 0 0-3 0m3 0h6m-9 0H3.375a1.125 1.125 0 0 1-1.125-1.125V14.25m17.25 4.5a1.5 1.5 0 0 1-3 0m3 0a1.5 1.5 0 0 0-3 0m3 0h1.125c.621 0 1.129-.504 1.09-1.124a17.902 17.902 0 0 0-3.213-9.193 2.056 2.056 0 0 0-1.58-.86H14.25M16.5 18.75h-2.25m0-11.177v-.958c0-.568-.422-1.048-.987-1.106a48.554 48.554 0 0 0-10.026 0 1.106 1.106 0 0 0-.987 1.106v7.635m12-6.677v6.677m0 4.5v-4.5m0 0h-12\" />',6,1,'2026-01-13 17:13:47','2026-01-13 17:13:47');
/*!40000 ALTER TABLE `categories` ENABLE KEYS */;
UNLOCK TABLES;

--
-- Table structure for table `contact_messages`
--

DROP TABLE IF EXISTS `contact_messages`;
/*!40101 SET @saved_cs_client     = @@character_set_client */;
/*!40101 SET character_set_client = utf8 */;
CREATE TABLE `contact_messages` (
  `id` bigint(20) unsigned NOT NULL AUTO_INCREMENT,
  `name` varchar(255) NOT NULL,
  `email` varchar(255) NOT NULL,
  `phone` varchar(255) DEFAULT NULL,
  `subject` varchar(255) NOT NULL,
  `message` text NOT NULL,
  `ip_address` varchar(255) DEFAULT NULL,
  `user_agent` text DEFAULT NULL,
  `read` tinyint(1) NOT NULL DEFAULT 0,
  `created_at` timestamp NULL DEFAULT NULL,
  `updated_at` timestamp NULL DEFAULT NULL,
  PRIMARY KEY (`id`)
) ENGINE=InnoDB AUTO_INCREMENT=3 DEFAULT CHARSET=utf8mb4 COLLATE=utf8mb4_unicode_ci;
/*!40101 SET character_set_client = @saved_cs_client */;

--
-- Dumping data for table `contact_messages`
--

LOCK TABLES `contact_messages` WRITE;
/*!40000 ALTER TABLE `contact_messages` DISABLE KEYS */;
INSERT INTO `contact_messages` VALUES (1,'Demir Can Kahya','dcankahya@gmail.com','05545113182','other','Deneme olarak','127.0.0.1','Mozilla/5.0 (Windows NT 10.0; Win64; x64) AppleWebKit/537.36 (KHTML, like Gecko) Chrome/143.0.0.0 Safari/537.36',0,'2026-01-17 11:21:20','2026-01-17 11:21:20'),(2,'Demir Can Kahya','dcankahya@gmail.com','05545113182','other','deneme deneme','127.0.0.1','Mozilla/5.0 (Windows NT 10.0; Win64; x64) AppleWebKit/537.36 (KHTML, like Gecko) Chrome/143.0.0.0 Safari/537.36',0,'2026-01-17 12:19:11','2026-01-17 12:19:11');
/*!40000 ALTER TABLE `contact_messages` ENABLE KEYS */;
UNLOCK TABLES;

--
-- Table structure for table `failed_jobs`
--

DROP TABLE IF EXISTS `failed_jobs`;
/*!40101 SET @saved_cs_client     = @@character_set_client */;
/*!40101 SET character_set_client = utf8 */;
CREATE TABLE `failed_jobs` (
  `id` bigint(20) unsigned NOT NULL AUTO_INCREMENT,
  `uuid` varchar(255) NOT NULL,
  `connection` text NOT NULL,
  `queue` text NOT NULL,
  `payload` longtext NOT NULL,
  `exception` longtext NOT NULL,
  `failed_at` timestamp NOT NULL DEFAULT current_timestamp(),
  PRIMARY KEY (`id`),
  UNIQUE KEY `failed_jobs_uuid_unique` (`uuid`)
) ENGINE=InnoDB DEFAULT CHARSET=utf8mb4 COLLATE=utf8mb4_unicode_ci;
/*!40101 SET character_set_client = @saved_cs_client */;

--
-- Dumping data for table `failed_jobs`
--

LOCK TABLES `failed_jobs` WRITE;
/*!40000 ALTER TABLE `failed_jobs` DISABLE KEYS */;
/*!40000 ALTER TABLE `failed_jobs` ENABLE KEYS */;
UNLOCK TABLES;

--
-- Table structure for table `migrations`
--

DROP TABLE IF EXISTS `migrations`;
/*!40101 SET @saved_cs_client     = @@character_set_client */;
/*!40101 SET character_set_client = utf8 */;
CREATE TABLE `migrations` (
  `id` int(10) unsigned NOT NULL AUTO_INCREMENT,
  `migration` varchar(255) NOT NULL,
  `batch` int(11) NOT NULL,
  PRIMARY KEY (`id`)
) ENGINE=InnoDB AUTO_INCREMENT=20 DEFAULT CHARSET=utf8mb4 COLLATE=utf8mb4_unicode_ci;
/*!40101 SET character_set_client = @saved_cs_client */;

--
-- Dumping data for table `migrations`
--

LOCK TABLES `migrations` WRITE;
/*!40000 ALTER TABLE `migrations` DISABLE KEYS */;
INSERT INTO `migrations` VALUES (1,'2014_10_12_000000_create_users_table',1),(2,'2014_10_12_100000_create_password_resets_table',1),(3,'2019_08_19_000000_create_failed_jobs_table',1),(4,'2019_12_14_000001_create_personal_access_tokens_table',1),(5,'2026_01_11_163529_create_contact_messages_table',1),(6,'2026_01_12_202421_create_sliders_table',1),(7,'2026_01_12_202630_create_products_table',1),(8,'2026_01_12_202746_create_solutions_table',1),(9,'2026_01_12_202751_create_references_table',1),(10,'2026_01_12_202756_create_page_contents_table',1),(11,'2026_01_12_202800_create_settings_table',1),(12,'2026_01_12_202805_add_is_admin_to_users_table',1),(13,'2026_01_13_135725_create_visitors_table',2),(14,'2026_01_13_174227_add_pdfs_to_products_table',2),(15,'2026_01_13_184927_add_category_to_products_table',2),(16,'2026_01_13_190003_create_categories_table',2),(17,'2026_01_13_190055_update_products_table_for_category_relation',2),(18,'2026_01_13_192807_add_icon_to_categories_table',3),(19,'2026_01_13_192846_remove_icon_from_products_table',3);
/*!40000 ALTER TABLE `migrations` ENABLE KEYS */;
UNLOCK TABLES;

--
-- Table structure for table `page_contents`
--

DROP TABLE IF EXISTS `page_contents`;
/*!40101 SET @saved_cs_client     = @@character_set_client */;
/*!40101 SET character_set_client = utf8 */;
CREATE TABLE `page_contents` (
  `id` bigint(20) unsigned NOT NULL AUTO_INCREMENT,
  `key` varchar(255) NOT NULL,
  `title_tr` varchar(255) DEFAULT NULL,
  `title_en` varchar(255) DEFAULT NULL,
  `content_tr` text DEFAULT NULL,
  `content_en` text DEFAULT NULL,
  `extra_data` longtext CHARACTER SET utf8mb4 COLLATE utf8mb4_bin DEFAULT NULL CHECK (json_valid(`extra_data`)),
  `created_at` timestamp NULL DEFAULT NULL,
  `updated_at` timestamp NULL DEFAULT NULL,
  PRIMARY KEY (`id`),
  UNIQUE KEY `page_contents_key_unique` (`key`)
) ENGINE=InnoDB AUTO_INCREMENT=7 DEFAULT CHARSET=utf8mb4 COLLATE=utf8mb4_unicode_ci;
/*!40101 SET character_set_client = @saved_cs_client */;

--
-- Dumping data for table `page_contents`
--

LOCK TABLES `page_contents` WRITE;
/*!40000 ALTER TABLE `page_contents` DISABLE KEYS */;
INSERT INTO `page_contents` VALUES (1,'about','Nordean Mühendislik','Nordean Engineering','Nordean Ltd., İtalyan Isolgomma Srl. firmasının tek yetkili ithalatçısı ve distribütörüdür. Ses ve titreşim yalıtım malzemeleri hususunda global ölçekte bir oyuncu olan Isolgomma Srl\'nin yarım asırı aşkın devam eden üretim gücü, teknolojik üstünlüğü ve her detaya uygun ürün çeşitliliği ile Nordean Ltd. firmasının yereldeki bilgi birikimi, teknik açıdan donanımı ve satış/pazarlama alanlarındaki uzmanlığı güçlü bir ticari birliktelik ortaya koymaktadır.','Nordean Ltd. is the exclusive importer and distributor of Italian Isolgomma Srl. The combination of Isolgomma Srl\'s half-century of production power, technological superiority, and comprehensive product range with Nordean Ltd.\'s local expertise, technical capabilities, and sales/marketing proficiency creates a strong commercial partnership.',NULL,'2026-01-13 17:17:05','2026-01-13 17:17:05'),(2,'isolgomma','Isolgomma - 50 Yılı Aşkın Tecrübe','Isolgomma - Over 50 Years of Experience','Kurulduğu 1972 yılından günümüze, Isolgomma yaşam kalitemizi arttırmak amacı ile ürettiği ses yalıtım malzemelerini ve bu malzemeler ile oluşturduğu etkin yalıtım çözümlerini sürekli geliştirerek, İtalya ve Avrupa\'nın lider ses yalıtım malzemeleri üreticisi konumuna erişmiştir.','Since its establishment in 1972, Isolgomma has continuously developed sound insulation materials and effective insulation solutions to improve our quality of life, becoming the leading manufacturer of sound insulation materials in Italy and Europe.',NULL,'2026-01-13 17:17:05','2026-01-13 17:17:05'),(3,'isolgomma_features','Isolgomma Özellikleri','Isolgomma Features',NULL,NULL,'[{\"title_tr\":\"Avrupa Lideri\",\"title_en\":\"European Leader\",\"desc_tr\":\"1972\'den beri ses yal\\u0131t\\u0131m\\u0131nda \\u00f6nc\\u00fc\",\"desc_en\":\"Pioneer in sound insulation since 1972\"},{\"title_tr\":\"\\u00c7evre Dostu\",\"title_en\":\"Eco-Friendly\",\"desc_tr\":\"Geri d\\u00f6n\\u00fc\\u015f\\u00fcml\\u00fc ham madde kullan\\u0131m\\u0131\",\"desc_en\":\"Using recycled raw materials\"},{\"title_tr\":\"Geni\\u015f \\u00dcr\\u00fcn Gam\\u0131\",\"title_en\":\"Wide Product Range\",\"desc_tr\":\"Her uygulama i\\u00e7in \\u00f6zel \\u00e7\\u00f6z\\u00fcmler\",\"desc_en\":\"Special solutions for every application\"}]','2026-01-13 17:17:05','2026-01-13 17:17:05'),(4,'mission','Misyonumuz','Our Mission','Global ölçekte yenilikleri takip ederek, ileri teknoloji ve yüksek standartlara sahip, nitelikli çözümlerde kullanılan yapı malzemelerinin satış ve pazarlama faaliyetlerini yürütmektedir. Ses yalıtımı ve titreşim kontrolü konularında bilgi ve tecrübelerini sektör oyuncularıyla profesyönel çerçevede paylaşmaktadır.','Following global innovations, conducting sales and marketing activities of building materials used in qualified solutions with advanced technology and high standards. Sharing knowledge and experience in sound insulation and vibration control with industry players in a professional framework.',NULL,'2026-01-13 17:17:05','2026-01-13 17:17:05'),(5,'vision','Vizyonumuz','Our Vision','Çözüm ortaklarıyla birlikte mühendislik değerlerini odağa koyarak, insanların yaşam konforunu esas alan, yenilikçi çözümlerle sektöre yön veren lider bir marka olmayı hedefler.','Together with solution partners, focusing on engineering values, aiming to be a leading brand that directs the sector with innovative solutions that prioritize people\'s living comfort.',NULL,'2026-01-13 17:17:05','2026-01-13 17:17:05'),(6,'cta','Projeniz İçin Profesyonel Destek Alın','Get Professional Support for Your Project','Ses ve titreşim yalıtımı konusunda uzman ekibimiz, projenize özel çözümler sunmak için hazır.','Our expert team in sound and vibration insulation is ready to offer customized solutions for your project.',NULL,'2026-01-13 17:17:05','2026-01-13 17:17:05');
/*!40000 ALTER TABLE `page_contents` ENABLE KEYS */;
UNLOCK TABLES;

--
-- Table structure for table `password_resets`
--

DROP TABLE IF EXISTS `password_resets`;
/*!40101 SET @saved_cs_client     = @@character_set_client */;
/*!40101 SET character_set_client = utf8 */;
CREATE TABLE `password_resets` (
  `email` varchar(255) NOT NULL,
  `token` varchar(255) NOT NULL,
  `created_at` timestamp NULL DEFAULT NULL,
  KEY `password_resets_email_index` (`email`)
) ENGINE=InnoDB DEFAULT CHARSET=utf8mb4 COLLATE=utf8mb4_unicode_ci;
/*!40101 SET character_set_client = @saved_cs_client */;

--
-- Dumping data for table `password_resets`
--

LOCK TABLES `password_resets` WRITE;
/*!40000 ALTER TABLE `password_resets` DISABLE KEYS */;
/*!40000 ALTER TABLE `password_resets` ENABLE KEYS */;
UNLOCK TABLES;

--
-- Table structure for table `personal_access_tokens`
--

DROP TABLE IF EXISTS `personal_access_tokens`;
/*!40101 SET @saved_cs_client     = @@character_set_client */;
/*!40101 SET character_set_client = utf8 */;
CREATE TABLE `personal_access_tokens` (
  `id` bigint(20) unsigned NOT NULL AUTO_INCREMENT,
  `tokenable_type` varchar(255) NOT NULL,
  `tokenable_id` bigint(20) unsigned NOT NULL,
  `name` varchar(255) NOT NULL,
  `token` varchar(64) NOT NULL,
  `abilities` text DEFAULT NULL,
  `last_used_at` timestamp NULL DEFAULT NULL,
  `expires_at` timestamp NULL DEFAULT NULL,
  `created_at` timestamp NULL DEFAULT NULL,
  `updated_at` timestamp NULL DEFAULT NULL,
  PRIMARY KEY (`id`),
  UNIQUE KEY `personal_access_tokens_token_unique` (`token`),
  KEY `personal_access_tokens_tokenable_type_tokenable_id_index` (`tokenable_type`,`tokenable_id`)
) ENGINE=InnoDB DEFAULT CHARSET=utf8mb4 COLLATE=utf8mb4_unicode_ci;
/*!40101 SET character_set_client = @saved_cs_client */;

--
-- Dumping data for table `personal_access_tokens`
--

LOCK TABLES `personal_access_tokens` WRITE;
/*!40000 ALTER TABLE `personal_access_tokens` DISABLE KEYS */;
/*!40000 ALTER TABLE `personal_access_tokens` ENABLE KEYS */;
UNLOCK TABLES;

--
-- Table structure for table `products`
--

DROP TABLE IF EXISTS `products`;
/*!40101 SET @saved_cs_client     = @@character_set_client */;
/*!40101 SET character_set_client = utf8 */;
CREATE TABLE `products` (
  `id` bigint(20) unsigned NOT NULL AUTO_INCREMENT,
  `name_tr` varchar(255) NOT NULL,
  `name_en` varchar(255) NOT NULL,
  `category_id` bigint(20) unsigned DEFAULT NULL,
  `description_tr` text DEFAULT NULL,
  `description_en` text DEFAULT NULL,
  `short_description_tr` text DEFAULT NULL,
  `short_description_en` text DEFAULT NULL,
  `image` varchar(255) DEFAULT NULL,
  `applications_tr` varchar(255) DEFAULT NULL,
  `applications_en` varchar(255) DEFAULT NULL,
  `pdfs` longtext CHARACTER SET utf8mb4 COLLATE utf8mb4_bin DEFAULT NULL CHECK (json_valid(`pdfs`)),
  `order` int(11) NOT NULL DEFAULT 0,
  `is_active` tinyint(1) NOT NULL DEFAULT 1,
  `created_at` timestamp NULL DEFAULT NULL,
  `updated_at` timestamp NULL DEFAULT NULL,
  PRIMARY KEY (`id`),
  KEY `products_category_id_foreign` (`category_id`),
  CONSTRAINT `products_category_id_foreign` FOREIGN KEY (`category_id`) REFERENCES `categories` (`id`) ON DELETE CASCADE
) ENGINE=InnoDB AUTO_INCREMENT=32 DEFAULT CHARSET=utf8mb4 COLLATE=utf8mb4_unicode_ci;
/*!40101 SET character_set_client = @saved_cs_client */;

--
-- Dumping data for table `products`
--

LOCK TABLES `products` WRITE;
/*!40000 ALTER TABLE `products` DISABLE KEYS */;
INSERT INTO `products` VALUES (1,'BIFLOOR','BIFLOOR',1,'Bifloor, yerden ısıtmalı döşemelerin ses yalıtımı için ideal çözümler sunan bir ses ve ısı yalıtım levhasıdır. 800 kg /m³ yoğunluk ve 10 mm kalınlıktaki SBR kauçuk levhanın, 20 mm kalınlık, 100 kg/m³ yoğunluktaki polyester elyaf plakaya birleştirilmesinden oluşur. Levha 1,00m eninde ve 1,20 m boyundadır. Darbe sesi azaltım değeri 32 dB ( UNI EN ISO 10140-3:2015)’dir. Termal geçirgenlik katsayısı 0,047 W/mK’dir.','Bifloor, yerden ısıtmalı döşemelerin ses yalıtımı için ideal çözümler sunan bir ses ve ısı yalıtım levhasıdır. 800 kg /m³ yoğunluk ve 10 mm kalınlıktaki SBR kauçuk levhanın, 20 mm kalınlık, 100 kg/m³ yoğunluktaki polyester elyaf plakaya birleştirilmesinden oluşur. Levha 1,00m eninde ve 1,20 m boyundadır. Darbe sesi azaltım değeri 32 dB ( UNI EN ISO 10140-3:2015)’dir. Termal geçirgenlik katsayısı 0,047 W/mK’dir.',NULL,NULL,'images/products/bifloor.jpg',NULL,NULL,'[\"products\\/pdfs\\/bifloor-1.pdf\"]',1,1,'2026-01-13 17:52:26','2026-01-13 17:52:36'),(2,'POINT','POINT',1,'Point; depolama alanları, süpermarketler, araç parkları ve benzeri yüksek yük taşıyan zemin sistemlerinin ses yalıtımı için tasarlanmış bir üründür. Büyük dinamik yüklere maruz kalan,, kalın ve ağır kütleli yüzer döşeme ihtiyacı duyulan sistemlerde çözümlemeler, bu yük sistemiyle uyumlu tasarlanmış ve yüksek yoğunluğa sahip malzemeler ile sağlanmaktadır..\nPoint; viyol şeklinde( dimpled) 18 x 1000 x 1200 mm levha ölçülerindedir. Ağır yükleme ihtiyacı duyulan zeminler için tasarlanan ürün ∆ Lnw =28 dB ( UNI EN ISO 10140-3:2015 ) darbe sesi azaltım değerine sahiptir. 6,70 kg/m²ağırlıkta ve  9 MN/m³ dinamik rijitlik değerindedir. Termal geçirgenlik katsayısı 0,120 W/mK dir.','Point; depolama alanları, süpermarketler, araç parkları ve benzeri yüksek yük taşıyan zemin sistemlerinin ses yalıtımı için tasarlanmış bir üründür. Büyük dinamik yüklere maruz kalan,, kalın ve ağır kütleli yüzer döşeme ihtiyacı duyulan sistemlerde çözümlemeler, bu yük sistemiyle uyumlu tasarlanmış ve yüksek yoğunluğa sahip malzemeler ile sağlanmaktadır..\nPoint; viyol şeklinde( dimpled) 18 x 1000 x 1200 mm levha ölçülerindedir. Ağır yükleme ihtiyacı duyulan zeminler için tasarlanan ürün ∆ Lnw =28 dB ( UNI EN ISO 10140-3:2015 ) darbe sesi azaltım değerine sahiptir. 6,70 kg/m²ağırlıkta ve  9 MN/m³ dinamik rijitlik değerindedir. Termal geçirgenlik katsayısı 0,120 W/mK dir.',NULL,NULL,'images/products/point.jpg',NULL,NULL,'[\"products\\/pdfs\\/point-1.pdf\"]',2,1,'2026-01-13 17:52:26','2026-01-13 17:52:36'),(3,'SYL AD','SYL AD',1,'Syl AD; ağır kütleli yüzer şap uygulamalarına ihtiyaç duyan döşemelerin ( depolama alanları, market v.b. ticari yapılar) ses yalıtımı için tasarlanmış bir üründür. Yoğunluğu sayesinde statik ve dinamik yüklemelere karşı dayanıklıdır.\nSyl AD; 6 ve 10 mm olarak iki farklı kalınlıkta üretilmektedir. Poliüretan yapıştırıcı ve sıcak pres ile birleştirilen SBR kauçuk granüllerden oluşan şiltenin bir yüzünde yırtılmaz örtü mevcuttur. 780 kg/m³ yoğunlukta, 1,20 m genişlikte ve 8,0 m uzunluktadır. Lnw =17 dB ( UNI EN ISO 10140-3:2015 ) darbe sesi azaltım değerine sahiptir. 6 mm kalınlıktaki ürün 77 MN/m³, 10 mm kalınlıktaki ürün 68 MN/ m³ dinamik rijitlik değerindedir. Termal geçirgenlik katsayısı 0,120 W/mK dir.','Syl AD; ağır kütleli yüzer şap uygulamalarına ihtiyaç duyan döşemelerin ( depolama alanları, market v.b. ticari yapılar) ses yalıtımı için tasarlanmış bir üründür. Yoğunluğu sayesinde statik ve dinamik yüklemelere karşı dayanıklıdır.\nSyl AD; 6 ve 10 mm olarak iki farklı kalınlıkta üretilmektedir. Poliüretan yapıştırıcı ve sıcak pres ile birleştirilen SBR kauçuk granüllerden oluşan şiltenin bir yüzünde yırtılmaz örtü mevcuttur. 780 kg/m³ yoğunlukta, 1,20 m genişlikte ve 8,0 m uzunluktadır. Lnw =17 dB ( UNI EN ISO 10140-3:2015 ) darbe sesi azaltım değerine sahiptir. 6 mm kalınlıktaki ürün 77 MN/m³, 10 mm kalınlıktaki ürün 68 MN/ m³ dinamik rijitlik değerindedir. Termal geçirgenlik katsayısı 0,120 W/mK dir.',NULL,NULL,'images/products/syl-ad.jpg',NULL,NULL,'[\"products\\/pdfs\\/syl-ad-1.pdf\"]',3,1,'2026-01-13 17:52:26','2026-01-13 17:52:36'),(4,'ROLL','ROLL',1,'Roll, içeriğinde yer alan geri dönüşümlü SBR kauçuğunun mükemmel elastikiyeti sayesinde her türlü yüzer döşeme sisteminde darbe sesine karşı üstün çözümler sunar ve kolaylıkla uygulanabilir. Esnek ve elastik yapıya sahip ürün altta yer alan zemin ile mükemmel bir şekilde uyum sağlar. Kendinden yapışkanlı derzleri sayesinde hızlı ve hatasız olarak uygulanır. \nRoll; SBR kauçuk granüllerinin yırtılmaz non-wowen örtüye lamine edilmesiyle oluşturulmuş yüzer döşeme ses yalıtım şiltesidir. Bindirme yerleri ( 4cm ) kendinden yapışkanlıdır. 5 mm yalıtım kalınlığında,  1,00 m eninde 5,00 m boyundadır. 1,90 kg /m² ağırlığındadır. Darbe sesi azaltım değeri ∆ Lnw = 22 dB ( UNI EN ISO 10140-3:2015 )’dir.  21 MN/m³ dinamik rijitlik değerindeki ürünün termal geçirgenlik katsayısı 0,094 W/mK’dir. Geri dönüşümlü malzeme oranı 86% dır.','Roll, içeriğinde yer alan geri dönüşümlü SBR kauçuğunun mükemmel elastikiyeti sayesinde her türlü yüzer döşeme sisteminde darbe sesine karşı üstün çözümler sunar ve kolaylıkla uygulanabilir. Esnek ve elastik yapıya sahip ürün altta yer alan zemin ile mükemmel bir şekilde uyum sağlar. Kendinden yapışkanlı derzleri sayesinde hızlı ve hatasız olarak uygulanır. \nRoll; SBR kauçuk granüllerinin yırtılmaz non-wowen örtüye lamine edilmesiyle oluşturulmuş yüzer döşeme ses yalıtım şiltesidir. Bindirme yerleri ( 4cm ) kendinden yapışkanlıdır. 5 mm yalıtım kalınlığında,  1,00 m eninde 5,00 m boyundadır. 1,90 kg /m² ağırlığındadır. Darbe sesi azaltım değeri ∆ Lnw = 22 dB ( UNI EN ISO 10140-3:2015 )’dir.  21 MN/m³ dinamik rijitlik değerindeki ürünün termal geçirgenlik katsayısı 0,094 W/mK’dir. Geri dönüşümlü malzeme oranı 86% dır.',NULL,NULL,'images/products/roll.jpg',NULL,NULL,'[\"products\\/pdfs\\/roll-1.pdf\",\"products\\/pdfs\\/roll-2.pdf\",\"products\\/pdfs\\/roll-3.pdf\",\"products\\/pdfs\\/roll-4.pdf\",\"products\\/pdfs\\/roll-5.pdf\"]',4,1,'2026-01-13 17:52:26','2026-01-13 17:52:36'),(5,'UPROLL','UPROLL',1,'Uproll, geri dönüşümlü SBR kauçuğunun elastikiyeti sayesinde her türlü yüzer döşeme sisteminde darbe sesine karşı yüksek performanslı çözümler sunar ve kolaylıkla uygulanabilir. Esnek ve elastik yapıya sahip ürün altta yer alan zemin ile mükemmel bir şekilde uyum sağlar. Kendinden yapışkanlı derzleri sayesinde hızlı ve hatasız olarak uygulanır. \nUproll; SBR kauçuk granüllerinin yırtılmaz non-wowen örtüye lamine edilmesiyle oluşturulmuş yüzer döşeme ses yalıtım şiltesidir. Bindirme yerleri ( 4cm ) kendinden yapışkanlıdır. 9 mm yalıtım kalınlığında,  1,00 m eninde 5,00 m boyundadır. 3,10 kg /m² ağırlığındadır. Darbe sesi azaltım değeri ∆ Lnw = 24 dB ( UNI EN ISO 10140-3:2015 )’dir.  11 MN/m³ dinamik rijitlik değerindeki ürünün termal geçirgenlik katsayısı 0,096 W/mK’dir. Geri dönüşümlü malzeme oranı 90% dır.','Uproll, geri dönüşümlü SBR kauçuğunun elastikiyeti sayesinde her türlü yüzer döşeme sisteminde darbe sesine karşı yüksek performanslı çözümler sunar ve kolaylıkla uygulanabilir. Esnek ve elastik yapıya sahip ürün altta yer alan zemin ile mükemmel bir şekilde uyum sağlar. Kendinden yapışkanlı derzleri sayesinde hızlı ve hatasız olarak uygulanır. \nUproll; SBR kauçuk granüllerinin yırtılmaz non-wowen örtüye lamine edilmesiyle oluşturulmuş yüzer döşeme ses yalıtım şiltesidir. Bindirme yerleri ( 4cm ) kendinden yapışkanlıdır. 9 mm yalıtım kalınlığında,  1,00 m eninde 5,00 m boyundadır. 3,10 kg /m² ağırlığındadır. Darbe sesi azaltım değeri ∆ Lnw = 24 dB ( UNI EN ISO 10140-3:2015 )’dir.  11 MN/m³ dinamik rijitlik değerindeki ürünün termal geçirgenlik katsayısı 0,096 W/mK’dir. Geri dönüşümlü malzeme oranı 90% dır.',NULL,NULL,'images/products/uproll.jpg',NULL,NULL,'[\"products\\/pdfs\\/uproll-1.pdf\",\"products\\/pdfs\\/uproll-2.pdf\"]',5,1,'2026-01-13 17:52:26','2026-01-13 17:52:36'),(6,'GREI','GREI',1,'Grei, prestijli yapıların zemin yalıtımı için tasarlanmış üstün nitelikli bir ses yalıtım şiltesidir. Malzemeyi oluşturan EPDM ve SBR granülleri sayesinde yüksek mekanik ve akustik yalıtım özelliklerine sahip olan ürün her türlü döşeme sisteminin ses yalıtımında kullanılabilir. Esnek ve elastik yapıdaki ürün altta yer alan zemin ile mükemmel bir şekilde uyum sağlar. Kendinden yapışkanlı \nGrei; EPDM ve SBR kauçuk granüllerinin yırtılmaz non-wowen örtüye lamine edilmesiyle oluşturulmuş yüzer döşeme ses yalıtım şiltesidir. Bindirme yerleri ( 4cm ) kendinden yapışkanlıdır. 7 mm yalıtım kalınlığında,  1,00 m eninde 5,00 m boyundadır. 2,80 kg /m² ağırlığındadır. Darbe sesi azaltım değeri ∆ Lnw = 24 dB ( UNI EN ISO 10140-3:2015 )’dir. 8 MN/m³ dinamik rijitlik değerindeki ürünün termal geçirgenlik katsayısı 0,064 W/mK’dir. Geri dönüşümlü malzeme oranı 88% dır.','Grei, prestijli yapıların zemin yalıtımı için tasarlanmış üstün nitelikli bir ses yalıtım şiltesidir. Malzemeyi oluşturan EPDM ve SBR granülleri sayesinde yüksek mekanik ve akustik yalıtım özelliklerine sahip olan ürün her türlü döşeme sisteminin ses yalıtımında kullanılabilir. Esnek ve elastik yapıdaki ürün altta yer alan zemin ile mükemmel bir şekilde uyum sağlar. Kendinden yapışkanlı \nGrei; EPDM ve SBR kauçuk granüllerinin yırtılmaz non-wowen örtüye lamine edilmesiyle oluşturulmuş yüzer döşeme ses yalıtım şiltesidir. Bindirme yerleri ( 4cm ) kendinden yapışkanlıdır. 7 mm yalıtım kalınlığında,  1,00 m eninde 5,00 m boyundadır. 2,80 kg /m² ağırlığındadır. Darbe sesi azaltım değeri ∆ Lnw = 24 dB ( UNI EN ISO 10140-3:2015 )’dir. 8 MN/m³ dinamik rijitlik değerindeki ürünün termal geçirgenlik katsayısı 0,064 W/mK’dir. Geri dönüşümlü malzeme oranı 88% dır.',NULL,NULL,'images/products/grei.jpg',NULL,NULL,'[\"products\\/pdfs\\/grei-1.pdf\",\"products\\/pdfs\\/grei-2.pdf\",\"products\\/pdfs\\/grei-3.pdf\",\"products\\/pdfs\\/grei-4.pdf\",\"products\\/pdfs\\/grei-5.pdf\",\"products\\/pdfs\\/grei-6.pdf\"]',6,1,'2026-01-13 17:52:26','2026-01-13 17:52:36'),(7,'UPGREI','UPGREI',1,'Upgrei, üst düzey yalıtım ihtiyacı duyan zemin çözümlemeleri için tasarlanmıştır. Malzemeyi oluşturan EPDM ve polyester keçe katmanı ürüne üst seviyede esneklik ve yalıtım kabiliyeti kazandırır. Ürün altta yer alan zemin ile mükemmel bir şekilde uyum sağlar. Kendinden yapışkanlı derzleri sayesinde hızlı ve hatasız olarak uygulanır.\nUpgrei; EPDM garnülleri ve polyester keçenin yırtılmaz non-wowen örtüye lamine edilmesiyle oluşturulmuş yüzer döşeme ses yalıtım şiltesidir. Bindirme yerleri ( 4cm ) kendinden yapışkanlıdır. 10 mm yalıtım kalınlığında,  1,00 m eninde 5,00 m boyundadır. 2,65 kg /m² ağırlığındadır. Darbe sesi azaltım değeri ∆ Lnw = 26 dB ( UNI EN ISO 10140-3:2015 )’dir. 6 MN/m³ dinamik rijitlik değerindeki ürünün termal geçirgenlik katsayısı 0,043 W/mK’dir. Geri dönüşümlü malzeme oranı 80% dır.','Upgrei, üst düzey yalıtım ihtiyacı duyan zemin çözümlemeleri için tasarlanmıştır. Malzemeyi oluşturan EPDM ve polyester keçe katmanı ürüne üst seviyede esneklik ve yalıtım kabiliyeti kazandırır. Ürün altta yer alan zemin ile mükemmel bir şekilde uyum sağlar. Kendinden yapışkanlı derzleri sayesinde hızlı ve hatasız olarak uygulanır.\nUpgrei; EPDM garnülleri ve polyester keçenin yırtılmaz non-wowen örtüye lamine edilmesiyle oluşturulmuş yüzer döşeme ses yalıtım şiltesidir. Bindirme yerleri ( 4cm ) kendinden yapışkanlıdır. 10 mm yalıtım kalınlığında,  1,00 m eninde 5,00 m boyundadır. 2,65 kg /m² ağırlığındadır. Darbe sesi azaltım değeri ∆ Lnw = 26 dB ( UNI EN ISO 10140-3:2015 )’dir. 6 MN/m³ dinamik rijitlik değerindeki ürünün termal geçirgenlik katsayısı 0,043 W/mK’dir. Geri dönüşümlü malzeme oranı 80% dır.',NULL,NULL,'images/products/upgrei.jpg',NULL,NULL,'[\"products\\/pdfs\\/upgrei-1.pdf\",\"products\\/pdfs\\/upgrei-2.pdf\",\"products\\/pdfs\\/upgrei-3.pdf\",\"products\\/pdfs\\/upgrei-4.pdf\"]',7,1,'2026-01-13 17:52:26','2026-01-13 17:52:36'),(8,'HIGHMAT 20','HIGHMAT 20',1,'Highmat, tüm döşeme tiplerine uyumlu ve en yüksek seviyede ses yalıtımı ihtiyacını karşılamak üzere geliştirilmiş ses ve ısı yalıtım levhasıdır. Highmat; yüksek yoğunluklu taşıyıcı şeritler ile polyester elyaf levhaların bir araya gelmesinden teşkil edilmiştir. Bu şerit sistemi sayesinde temas yüzeyi azaltılmış ve özellikle yalıtılması güç olan düşük frekanslarda üstün performans elde edilmesi sağlanmıştır.\nHighmat 20; 60 kg/m³ yoğunluğunda 20 mm kalınlığındaki polyester elyaf levha ile ortasında yer alan 20 mm x 50 mm x 300 mm ebatlarındaki kauçuk şeritlerin birleşimden oluşur. Highmat 0,60 m genişlikte ve 1,00 m uzunluktadır. 1,65 kg /m² ağırlığındadır. Darbe sesi azaltım değeri ∆ Lnw = 34 dB ( UNI EN ISO 10140-3:2015 )’dir,  10 MN/m³ dinamik rijitlik değerindeki ürününün, termal geçirgenlik katsayısı 0,040W/mK’dir.','Highmat, tüm döşeme tiplerine uyumlu ve en yüksek seviyede ses yalıtımı ihtiyacını karşılamak üzere geliştirilmiş ses ve ısı yalıtım levhasıdır. Highmat; yüksek yoğunluklu taşıyıcı şeritler ile polyester elyaf levhaların bir araya gelmesinden teşkil edilmiştir. Bu şerit sistemi sayesinde temas yüzeyi azaltılmış ve özellikle yalıtılması güç olan düşük frekanslarda üstün performans elde edilmesi sağlanmıştır.\nHighmat 20; 60 kg/m³ yoğunluğunda 20 mm kalınlığındaki polyester elyaf levha ile ortasında yer alan 20 mm x 50 mm x 300 mm ebatlarındaki kauçuk şeritlerin birleşimden oluşur. Highmat 0,60 m genişlikte ve 1,00 m uzunluktadır. 1,65 kg /m² ağırlığındadır. Darbe sesi azaltım değeri ∆ Lnw = 34 dB ( UNI EN ISO 10140-3:2015 )’dir,  10 MN/m³ dinamik rijitlik değerindeki ürününün, termal geçirgenlik katsayısı 0,040W/mK’dir.',NULL,NULL,'images/products/highmat-20.jpg',NULL,NULL,'[\"products\\/pdfs\\/highmat-20-1.pdf\"]',8,1,'2026-01-13 17:52:26','2026-01-13 17:52:36'),(9,'HIGHMAT 30','HIGHMAT 30',1,'Highmat, tüm döşeme tiplerinde en yüksek seviyede ses yalıtımı ihtiyacını karşılamak üzere geliştirilmiş ses ve ısı yalıtım levhasıdır. Highmat; yüksek yoğunluklu taşıyıcı şeritler ile polyester elyaf levhaların bir araya gelmesinden teşkil edilmiştir. Bu şerit sistemi sayesinde temas yüzeyi azaltılmış ve özellikle yalıtılması güç olan düşük frekanslarda üstün performans elde edilmesi sağlanmıştır.\nHighmat 30; 40 kg/m³kg yoğunluğunda 30 mm kalınlığındaki polyester elyaf levha ile ortasında yer aln 30 mm x 50 mm x 300 mm ebatlarındaki kauçuk şeritlerin birleşimden oluşur.  Highmat 0,60 m genişlikte ve 1,00 m uzunluktadır. 1,90 kg /m² ağırlığındadır. Darbe sesi azaltım değeri ∆ Lnw = 36 dB ( UNI EN ISO 10140-3:2015 )’dir. 4 MN/m³ dinamik rijitlik değerindeki ürünün, termal geçirgenlik katsayısı 0,040W/mK’dir.','Highmat, tüm döşeme tiplerinde en yüksek seviyede ses yalıtımı ihtiyacını karşılamak üzere geliştirilmiş ses ve ısı yalıtım levhasıdır. Highmat; yüksek yoğunluklu taşıyıcı şeritler ile polyester elyaf levhaların bir araya gelmesinden teşkil edilmiştir. Bu şerit sistemi sayesinde temas yüzeyi azaltılmış ve özellikle yalıtılması güç olan düşük frekanslarda üstün performans elde edilmesi sağlanmıştır.\nHighmat 30; 40 kg/m³kg yoğunluğunda 30 mm kalınlığındaki polyester elyaf levha ile ortasında yer aln 30 mm x 50 mm x 300 mm ebatlarındaki kauçuk şeritlerin birleşimden oluşur.  Highmat 0,60 m genişlikte ve 1,00 m uzunluktadır. 1,90 kg /m² ağırlığındadır. Darbe sesi azaltım değeri ∆ Lnw = 36 dB ( UNI EN ISO 10140-3:2015 )’dir. 4 MN/m³ dinamik rijitlik değerindeki ürünün, termal geçirgenlik katsayısı 0,040W/mK’dir.',NULL,NULL,'images/products/highmat-30.jpg',NULL,NULL,'[\"products\\/pdfs\\/highmat-30-1.pdf\"]',9,1,'2026-01-13 17:52:26','2026-01-13 17:52:36'),(10,'HIGHMAT 50','HIGHMAT 50',1,'Highmat, tüm döşeme tiplerinde en yüksek seviyede ses yalıtımı ihtiyacını karşılamak üzere geliştirilmiş ses ve ısı yalıtım levhasıdır. Highmat; yüksek yoğunluklu taşıyıcı şeritler ile polyester elyaf levhaların bir araya gelmesinden teşkil edilmiştir. Bu şerit sistemi sayesinde temas yüzeyi azaltılmış ve özellikle yalıtılması güç olan düşük frekanslarda üstün performans elde edilmesi sağlanmıştır.\nHighmat 50; 60 kg/m³kg yoğunluğunda 50 mm kalınlığındaki polyester elyaf levha ile ortasında yer aln 50 mm x 50 mm x 300 mm ebatlarındaki kauçuk şeritlerin birleşimden oluşur.  Highmat 0,60 m genişlikte ve 1,00 m uzunluktadır. 3,50 kg /m² ağırlığındadır. Darbe sesi azaltım değeri ∆ Lnw = 39 dB ( UNI EN ISO 10140-3:2015 )’dir. 5 MN/m³ dinamik rijitlik değerindeki ürünün, termal geçirgenlik katsayısı 0,040W/mK’dir.','Highmat, tüm döşeme tiplerinde en yüksek seviyede ses yalıtımı ihtiyacını karşılamak üzere geliştirilmiş ses ve ısı yalıtım levhasıdır. Highmat; yüksek yoğunluklu taşıyıcı şeritler ile polyester elyaf levhaların bir araya gelmesinden teşkil edilmiştir. Bu şerit sistemi sayesinde temas yüzeyi azaltılmış ve özellikle yalıtılması güç olan düşük frekanslarda üstün performans elde edilmesi sağlanmıştır.\nHighmat 50; 60 kg/m³kg yoğunluğunda 50 mm kalınlığındaki polyester elyaf levha ile ortasında yer aln 50 mm x 50 mm x 300 mm ebatlarındaki kauçuk şeritlerin birleşimden oluşur.  Highmat 0,60 m genişlikte ve 1,00 m uzunluktadır. 3,50 kg /m² ağırlığındadır. Darbe sesi azaltım değeri ∆ Lnw = 39 dB ( UNI EN ISO 10140-3:2015 )’dir. 5 MN/m³ dinamik rijitlik değerindeki ürünün, termal geçirgenlik katsayısı 0,040W/mK’dir.',NULL,NULL,'images/products/highmat-50.jpg',NULL,NULL,'[\"products\\/pdfs\\/highmat-50-1.pdf\"]',10,1,'2026-01-13 17:52:26','2026-01-13 17:52:36'),(11,'SYLPRO','SYLPRO',2,'Sylpro, halı, parke, seramik ve sentetik zemin kaplamaları ile yüzer şapın altında ideal çözümler sunmaktadır. Esnek yapısı ve yüksek kütlesi sayesinde endüstriyel yapıların yüzer döşemelerinde hem ses yalıtımı hem de titreşim yalıtımına yardımcı olarak kullanılır. Yürüme sırasında oluşan ayak ve topuk sesini sönümleyerek iç ortam akustiğini düzenler. Ayrıca, kuru ya da ıslak duvar uygulamalarında duvar ile döşeme arasında “duvar altı yalıtım şeridi “ olarak tercih edilmektedir. Ahşap bina renovasyonları gibi yapının yük taşıma kapasitesi kısıtlı ve yüzer şap uygulamasının çeşitli nedenlerden dolayı tercih edilemediği durumlarda, döşemede rabıta altında ve özellikle kirişler ile döşeme birleşim noktalarında tercih edilir. Böylece üst döşemede oluşan darbe enerjisinin yapı strüktüründe ilerlemesi engellenir.\nSylpro, 3 ve 5 mm kalınlıklarda üretilmektedir. 730 kg/ m³ yoğunluktaki ürün, 1,25 m genişlikte şilte halinde üretilmektedirn 5 mm olan şiltenin uzunluğu 10 m, ağırlığı 3,65 kg /m², 3 mm kalınlıktaki şiltenin uzunluğu 20 m, ağırlığı 2,19 kg/ m²’dir. Ürün minimum 19 dB darbe ses azaltım değerine sahiptir ( UNI EN ISO 10140-3:2015. Termal geçirgenlik katsayısı 0,12 W/mK dir.','Sylpro, halı, parke, seramik ve sentetik zemin kaplamaları ile yüzer şapın altında ideal çözümler sunmaktadır. Esnek yapısı ve yüksek kütlesi sayesinde endüstriyel yapıların yüzer döşemelerinde hem ses yalıtımı hem de titreşim yalıtımına yardımcı olarak kullanılır. Yürüme sırasında oluşan ayak ve topuk sesini sönümleyerek iç ortam akustiğini düzenler. Ayrıca, kuru ya da ıslak duvar uygulamalarında duvar ile döşeme arasında “duvar altı yalıtım şeridi “ olarak tercih edilmektedir. Ahşap bina renovasyonları gibi yapının yük taşıma kapasitesi kısıtlı ve yüzer şap uygulamasının çeşitli nedenlerden dolayı tercih edilemediği durumlarda, döşemede rabıta altında ve özellikle kirişler ile döşeme birleşim noktalarında tercih edilir. Böylece üst döşemede oluşan darbe enerjisinin yapı strüktüründe ilerlemesi engellenir.\nSylpro, 3 ve 5 mm kalınlıklarda üretilmektedir. 730 kg/ m³ yoğunluktaki ürün, 1,25 m genişlikte şilte halinde üretilmektedirn 5 mm olan şiltenin uzunluğu 10 m, ağırlığı 3,65 kg /m², 3 mm kalınlıktaki şiltenin uzunluğu 20 m, ağırlığı 2,19 kg/ m²’dir. Ürün minimum 19 dB darbe ses azaltım değerine sahiptir ( UNI EN ISO 10140-3:2015. Termal geçirgenlik katsayısı 0,12 W/mK dir.',NULL,NULL,'images/products/sylpro.jpg',NULL,NULL,'[\"products\\/pdfs\\/sylpro-1.pdf\",\"products\\/pdfs\\/sylpro-2.pdf\"]',11,1,'2026-01-13 17:52:26','2026-01-13 17:52:36'),(12,'SYLCER','SYLCER',2,'Sylcer, seramik kaplamaların altında kullanılmak üzere tasarlanmıştır. EPDM ve SBR kauçuklarının ürüne sağladığı esneklik sayesinde minimum kalınlıkta yüksek ses yalıtımı sağlar. Yüzey yapısı hem alt zemine hem de seramik yapıştırıcısına üstün tutunma sağlar.\nSylcer ; 3 mm yalıtım kalınlığındadır. Şilte 1 m genişlikte ve  20 m uzunluktadır. Yoğunluğu 820 kg /m³, ağırlığı 2,46 kg /m²dir. ∆ Lnw = 24 dB ( UNI EN ISO 10140-3:2015 ) darbe sesi azaltımı sağlayan ürün, 180 MN/m³ dinamik rijitlik değerinde ve termal geçirgenlik katsayısı 0,12 W/mK’dir.','Sylcer, seramik kaplamaların altında kullanılmak üzere tasarlanmıştır. EPDM ve SBR kauçuklarının ürüne sağladığı esneklik sayesinde minimum kalınlıkta yüksek ses yalıtımı sağlar. Yüzey yapısı hem alt zemine hem de seramik yapıştırıcısına üstün tutunma sağlar.\nSylcer ; 3 mm yalıtım kalınlığındadır. Şilte 1 m genişlikte ve  20 m uzunluktadır. Yoğunluğu 820 kg /m³, ağırlığı 2,46 kg /m²dir. ∆ Lnw = 24 dB ( UNI EN ISO 10140-3:2015 ) darbe sesi azaltımı sağlayan ürün, 180 MN/m³ dinamik rijitlik değerinde ve termal geçirgenlik katsayısı 0,12 W/mK’dir.',NULL,NULL,'images/products/sylcer.jpg',NULL,NULL,'[\"products\\/pdfs\\/sylcer-1.pdf\",\"products\\/pdfs\\/sylcer-2.pdf\"]',12,1,'2026-01-13 17:52:26','2026-01-13 17:52:36'),(13,'BASEWOOD EL','BASEWOOD EL',2,'Basewood EL, Isolgomma’nın yıllara haiz tecrübesinin bir sonucu olarak ortaya çıkmıştır. SBR granüllerinin yırtılmaz bir örtüye reçine vasıtasıyla birleştirilmesinden oluşur. Bu özel imalat yöntemi sayesinde granül yapı yüzey zeminini eşitler ve parke altında metrekarede binlerce kauçuk yay varmışçasına etki sağlar.\nBasewood EL 4,5 mm kalınlıktadır. Ürün 1,0 m genişlikte 10 m uzunlukta şilte halindedir. 33 MN/ m³dinamik rijitlik değerine sahip ürün, ∆ Lnw = 20 dB ( UNI EN ISO 10140-3:2015 ) darbe sesi azaltım değeri sağlar. Ağırlığı 1,00 kg /m² ve termal geçirgenlik katsayısı 0,099 W/mK’dir.','Basewood EL, Isolgomma’nın yıllara haiz tecrübesinin bir sonucu olarak ortaya çıkmıştır. SBR granüllerinin yırtılmaz bir örtüye reçine vasıtasıyla birleştirilmesinden oluşur. Bu özel imalat yöntemi sayesinde granül yapı yüzey zeminini eşitler ve parke altında metrekarede binlerce kauçuk yay varmışçasına etki sağlar.\nBasewood EL 4,5 mm kalınlıktadır. Ürün 1,0 m genişlikte 10 m uzunlukta şilte halindedir. 33 MN/ m³dinamik rijitlik değerine sahip ürün, ∆ Lnw = 20 dB ( UNI EN ISO 10140-3:2015 ) darbe sesi azaltım değeri sağlar. Ağırlığı 1,00 kg /m² ve termal geçirgenlik katsayısı 0,099 W/mK’dir.',NULL,NULL,'images/products/basewood-el.jpg',NULL,NULL,'[\"products\\/pdfs\\/basewood-el-1.pdf\"]',13,1,'2026-01-13 17:52:26','2026-01-13 17:52:36'),(14,'MUSTWALL','MUSTWALL',3,'Yüksek yoğunluklu SBR kauçuğundan mamul Mustwall duvar ve tavan uygulamalarında üstün ses yalıtımı sağlayan bir ses yalıtım levhasıdır. Hem tuğla, gaz beton, bims gibi ıslak uygulamalı duvar sistemlerinde hem de alçı panel, fiber cement, OSB gibi kuru duvar sistemlerinde kullanılabilmektedir. Rutubet ve nemden etkilenmeyen ürün rahatlıkla ıslak hacimlerin yalıtımında tercih edilebilir. Esnek yapısı sayesinde yüzey bozukluklarını tolere eder. \nAğır kütlesi sayesinde ağır bariyer (heavy barrier) gibi çalışarak özellikle düşük frekanslarda etkili sonuçlar verir. Ama bilindik ağır bariyerlerden farklı olarak, esnekliği ile alçı panel, fiber cement v.b. kütleleri bir birinden ayırır. Böylece kütle-yay-kütle makanizmasının farklı kalınlıklarda bağımsız çalışmasını sağlar ve daha geniş bir frekans bandında etkili olur. İnce yapısı sayesinde alan ve mekânın kıymetli olduğu tüm yapılarda kesiti genişletmeden, maksimum katkıyı sağlar. Yetersiz yalıtıma sahip duvar ve tavanlarda her hangi bir söküme ihtiyaç olmadan yüzeye yapılacak kaplama ile ciddi iyileşmeler sağlar.\nMustwall her iki yüzeyinde yırtılmaz örtü bulunan, 800 kg /m³ yoğunlukta (ağır bariyer) heavy barrier  ve ses yalıtım levhasıdır. Ürün 10 mm kalınlıkta, 100 cm genişlikte ve 120 cm uzunluktadır.  Birim ağırlığı 8,00 kg /m²’dir. Talep doğrultusunda 20 mm kalınlıkta imal edilebilir.','Yüksek yoğunluklu SBR kauçuğundan mamul Mustwall duvar ve tavan uygulamalarında üstün ses yalıtımı sağlayan bir ses yalıtım levhasıdır. Hem tuğla, gaz beton, bims gibi ıslak uygulamalı duvar sistemlerinde hem de alçı panel, fiber cement, OSB gibi kuru duvar sistemlerinde kullanılabilmektedir. Rutubet ve nemden etkilenmeyen ürün rahatlıkla ıslak hacimlerin yalıtımında tercih edilebilir. Esnek yapısı sayesinde yüzey bozukluklarını tolere eder. \nAğır kütlesi sayesinde ağır bariyer (heavy barrier) gibi çalışarak özellikle düşük frekanslarda etkili sonuçlar verir. Ama bilindik ağır bariyerlerden farklı olarak, esnekliği ile alçı panel, fiber cement v.b. kütleleri bir birinden ayırır. Böylece kütle-yay-kütle makanizmasının farklı kalınlıklarda bağımsız çalışmasını sağlar ve daha geniş bir frekans bandında etkili olur. İnce yapısı sayesinde alan ve mekânın kıymetli olduğu tüm yapılarda kesiti genişletmeden, maksimum katkıyı sağlar. Yetersiz yalıtıma sahip duvar ve tavanlarda her hangi bir söküme ihtiyaç olmadan yüzeye yapılacak kaplama ile ciddi iyileşmeler sağlar.\nMustwall her iki yüzeyinde yırtılmaz örtü bulunan, 800 kg /m³ yoğunlukta (ağır bariyer) heavy barrier  ve ses yalıtım levhasıdır. Ürün 10 mm kalınlıkta, 100 cm genişlikte ve 120 cm uzunluktadır.  Birim ağırlığı 8,00 kg /m²’dir. Talep doğrultusunda 20 mm kalınlıkta imal edilebilir.',NULL,NULL,'images/products/mustwall.jpg',NULL,NULL,'[\"products\\/pdfs\\/mustwall-1.pdf\",\"products\\/pdfs\\/mustwall-2.pdf\",\"products\\/pdfs\\/mustwall-3.pdf\",\"products\\/pdfs\\/mustwall-4.pdf\",\"products\\/pdfs\\/mustwall-5.pdf\",\"products\\/pdfs\\/mustwall-6.pdf\"]',14,1,'2026-01-13 17:52:26','2026-01-13 17:52:36'),(15,'STYWALL AD PRO','STYWALL AD PRO',3,'Duvara gelen ses enerjisinin bir kısmı, geri yansır, bir kısmı soğurulur bir kısmı da duvar içinde hareket ederek yapıya dağılır. İşte bu dağılan kısmın yapının diğer bölümlerine iletilmesini engellemek için duvar altı yalıtım şeridi kullanılmaktadır. Bu sayede döşeme ile duvar arasında esnek bir bağlantı teşkil edilir. Duvara aktarılan enerji, döşemeye ve doyası ile yapının diğer kısımlarına aktarılmaz. Veriler dolaylı ses geçiş kayıplarının toplam duvar performansına 7-8 dB kadar negatif etkisi olduğunu ortaya koymuştur.\nStywall AD Pro 780 kg /m³ yoğunlukta 6 mm kalınlıkta ve tek tarafı yırtılmaz bir örtü ile kaplı olarak üretilir. Ürün 10 cm, 15 cm, 20 cm, 25 cm ve 33 cm genişliklerde imal edilmektedir. Genişlik tercih edilirken, sıva v.b. kaplamalar göz önünde bulundurularak duvar genişliğinden 4-5 cm daha geniş ürün seçilmelidir. Örneğin 19,5 luk tuğla için 25 cm lik şerit tercih edilmelidir. Stywall AD Pro tuğla, gaz beton, bims v.b. duvar sistemlerinin yalıtımı için ideal çözümler sunar.','Duvara gelen ses enerjisinin bir kısmı, geri yansır, bir kısmı soğurulur bir kısmı da duvar içinde hareket ederek yapıya dağılır. İşte bu dağılan kısmın yapının diğer bölümlerine iletilmesini engellemek için duvar altı yalıtım şeridi kullanılmaktadır. Bu sayede döşeme ile duvar arasında esnek bir bağlantı teşkil edilir. Duvara aktarılan enerji, döşemeye ve doyası ile yapının diğer kısımlarına aktarılmaz. Veriler dolaylı ses geçiş kayıplarının toplam duvar performansına 7-8 dB kadar negatif etkisi olduğunu ortaya koymuştur.\nStywall AD Pro 780 kg /m³ yoğunlukta 6 mm kalınlıkta ve tek tarafı yırtılmaz bir örtü ile kaplı olarak üretilir. Ürün 10 cm, 15 cm, 20 cm, 25 cm ve 33 cm genişliklerde imal edilmektedir. Genişlik tercih edilirken, sıva v.b. kaplamalar göz önünde bulundurularak duvar genişliğinden 4-5 cm daha geniş ürün seçilmelidir. Örneğin 19,5 luk tuğla için 25 cm lik şerit tercih edilmelidir. Stywall AD Pro tuğla, gaz beton, bims v.b. duvar sistemlerinin yalıtımı için ideal çözümler sunar.',NULL,NULL,'images/products/stywall-ad-pro.jpg',NULL,NULL,'[\"products\\/pdfs\\/stywall-ad-pro-1.pdf\"]',15,1,'2026-01-13 17:52:26','2026-01-13 17:52:36'),(16,'STYWALL S','STYWALL S',3,'Duvara gelen ses enerjisinin bir kısmı, geri yansır, bir kısmı soğurulur bir kısmı da duvar içinde hareket ederek yapıya dağılır. İşte bu dağılan kısmın yapının diğer bölümlerine iletilmesini engellemek için duvar altı yalıtım şeridi kullanılmaktadır. Bu sayede döşeme ile duvar arasında esnek bir bağlantı teşkil edilir. Duvara aktarılan enerji, döşemeye ve doyası ile yapının diğer kısımlarına aktarılmaz. Veriler dolaylı ses geçiş kayıplarının toplam duvar performansına 7-8 dB kadar negatif etkisi olduğunu ortaya koymuştur\nStywall S 730 kg /m³ yoğunlukta 3 mm kalınlıktadır.  Ürün 10 cm, 15 cm, 20 cm, 25 cm, 30 cm ve 40 cm genişliklerde imal edilmektedir. Ürün genişliği seçilirken duvar genişliğini 4-5 cm geçecek şekilde tercih yapılmalıdır. Stywall S, alçıpanel, fibercement v.b. kuru duvar sistemlerinin yalıtımı için ideal çözümler sunar.','Duvara gelen ses enerjisinin bir kısmı, geri yansır, bir kısmı soğurulur bir kısmı da duvar içinde hareket ederek yapıya dağılır. İşte bu dağılan kısmın yapının diğer bölümlerine iletilmesini engellemek için duvar altı yalıtım şeridi kullanılmaktadır. Bu sayede döşeme ile duvar arasında esnek bir bağlantı teşkil edilir. Duvara aktarılan enerji, döşemeye ve doyası ile yapının diğer kısımlarına aktarılmaz. Veriler dolaylı ses geçiş kayıplarının toplam duvar performansına 7-8 dB kadar negatif etkisi olduğunu ortaya koymuştur\nStywall S 730 kg /m³ yoğunlukta 3 mm kalınlıktadır.  Ürün 10 cm, 15 cm, 20 cm, 25 cm, 30 cm ve 40 cm genişliklerde imal edilmektedir. Ürün genişliği seçilirken duvar genişliğini 4-5 cm geçecek şekilde tercih yapılmalıdır. Stywall S, alçıpanel, fibercement v.b. kuru duvar sistemlerinin yalıtımı için ideal çözümler sunar.',NULL,NULL,'images/products/stywall-s.jpg',NULL,NULL,'[\"products\\/pdfs\\/stywall-s-1.pdf\"]',16,1,'2026-01-13 17:52:26','2026-01-13 17:52:36'),(17,'TRYWALL 48','TRYWALL 48',3,'Trywall serisi ürünler kuru duvar sistemlerinin ses ve ısı yalıtımı amacıyla üretilmiş yüksek performanslı malzemelerdir. Ortada yer alan 800 kg/m³ yoğunluklu, 8 mm’lik SBR kauçuğundan mamul levha ve bu levhanın her iki tarafında yer alan 20 mm, 60 kg /m³ lük polyester keçe levhalar Trywall’a üstün yalıtım nitelikleri kazandırmaktadır. Bünyesinde hem kauçuğun hem de polyester keçenin mükemmel ses yalıtım özelliklerini bir arada bulunduran Trywall konstrüksiyona kolay ve hızlı bir şekilde uygulanır. Ayrıca nem ve rutubetten etkilenmez. Islak hacimlerin ses yalıtımında ideal çözümler sunar. Ürün 120 cm boyunda 60 cm genişliğindedir. Ağırlığı 8,80 kg /m², termal geçirgenlik katsayısı 0,047 W/mK’dir.','Trywall serisi ürünler kuru duvar sistemlerinin ses ve ısı yalıtımı amacıyla üretilmiş yüksek performanslı malzemelerdir. Ortada yer alan 800 kg/m³ yoğunluklu, 8 mm’lik SBR kauçuğundan mamul levha ve bu levhanın her iki tarafında yer alan 20 mm, 60 kg /m³ lük polyester keçe levhalar Trywall’a üstün yalıtım nitelikleri kazandırmaktadır. Bünyesinde hem kauçuğun hem de polyester keçenin mükemmel ses yalıtım özelliklerini bir arada bulunduran Trywall konstrüksiyona kolay ve hızlı bir şekilde uygulanır. Ayrıca nem ve rutubetten etkilenmez. Islak hacimlerin ses yalıtımında ideal çözümler sunar. Ürün 120 cm boyunda 60 cm genişliğindedir. Ağırlığı 8,80 kg /m², termal geçirgenlik katsayısı 0,047 W/mK’dir.',NULL,NULL,'images/products/trywall-48.jpg',NULL,NULL,'[\"products\\/pdfs\\/trywall-48-1.pdf\"]',17,1,'2026-01-13 17:52:26','2026-01-13 17:52:36'),(18,'BIWALL 30-40-50','BIWALL 30-40-50',3,'Biwall kullanıldığı duvar sistemlerine yüksek ses ve ısı yalıtım özelliği kazandırır. Yeni ve eski tüm yapılarda, tuğla, gaz beton, bims v.b. çift örülen duvarların arasında veya alçı panel uygulamalarında profillerin arasında kullanılmaktadır. Biwall levhalar SBR ve EPDM kauçuklarının mükemmel ses yalıtım özelliği ile polyester keçenin ısı yalıtım özelliğini bir arada sunar.\nÜrün 30mm, 40mm ve 50 mm kalınlıklarda üretilmektedir. Bir tarafında 800 kg/m³ yoğunlukta kauçuk levha diğer tarafta 30 kg /m³ yoğunlukta polyester keçe kullanılır. Kauçuk kalınlığı 10 mm, polyester levhaların kalınlıkları sırasıyla 20mm, 30 mm ve 40 mm’dir. Ayrıca 20 mm kalınlıktaki kauçuk ve 30 mm kalınlıktaki polyester keçeden üretilen Biwall 20/50 isimli ürün de talep üzerine imal edilmektedir. Ürünler 100 cm genişlikte 120 cm uzunluktadır. Biwall nemden ve rutubetten etkilenmez. Esnek yapıları sayesinde kavisli detay çözümlerinde de tercih edilir.','Biwall kullanıldığı duvar sistemlerine yüksek ses ve ısı yalıtım özelliği kazandırır. Yeni ve eski tüm yapılarda, tuğla, gaz beton, bims v.b. çift örülen duvarların arasında veya alçı panel uygulamalarında profillerin arasında kullanılmaktadır. Biwall levhalar SBR ve EPDM kauçuklarının mükemmel ses yalıtım özelliği ile polyester keçenin ısı yalıtım özelliğini bir arada sunar.\nÜrün 30mm, 40mm ve 50 mm kalınlıklarda üretilmektedir. Bir tarafında 800 kg/m³ yoğunlukta kauçuk levha diğer tarafta 30 kg /m³ yoğunlukta polyester keçe kullanılır. Kauçuk kalınlığı 10 mm, polyester levhaların kalınlıkları sırasıyla 20mm, 30 mm ve 40 mm’dir. Ayrıca 20 mm kalınlıktaki kauçuk ve 30 mm kalınlıktaki polyester keçeden üretilen Biwall 20/50 isimli ürün de talep üzerine imal edilmektedir. Ürünler 100 cm genişlikte 120 cm uzunluktadır. Biwall nemden ve rutubetten etkilenmez. Esnek yapıları sayesinde kavisli detay çözümlerinde de tercih edilir.',NULL,NULL,'images/products/biwall-30-40-50.jpg',NULL,NULL,'[\"products\\/pdfs\\/biwall-30-40-50-1.pdf\",\"products\\/pdfs\\/biwall-30-40-50-2.pdf\"]',18,1,'2026-01-13 17:52:26','2026-01-13 17:52:36'),(19,'MUSTWALL B','MUSTWALL B',3,'Mustwall B serisi, duvar ve tavanların ses yalıtımlarında kullanılan ve yüksek performanslı, pratik bir çözümdür. SBR kauçuk granüllerinden mamul levha ile alçı plakanın laminasyonundan teşkil olan ürün bu haliyle özellikle mevcut yapıların ses yalıtım değerlerinin minimum tadilat ve yer kaybı ile iyileştirilmesine katkı sağlar. Ağır kütlesi sayesinde yalıtılması daha zor olan düşük frekanslarda yani bas seslerde özellikle etkilidir.\nBu ürün serisi iki farklı kalınlıkta üretilmektedir. Mustwall 18 B; 7 mm kauçuk levha ile 12,5 mm beyaz alçı plakadan meydana gelir. Mustwall 33 B ise 20 mm kalınlıktaki kauçuk levha üzerine 12,5 mm’lik beyaz alçı plakanın lamine edilmesiyle elde edilir. Her iki ürün de 1,20 m eninde 2,00 m uzunluğundadır. Mustwall 18B 14,5 kg /m², Mustwall 33B ise 19,5 kg/m² ağırlığındadır.','Mustwall B serisi, duvar ve tavanların ses yalıtımlarında kullanılan ve yüksek performanslı, pratik bir çözümdür. SBR kauçuk granüllerinden mamul levha ile alçı plakanın laminasyonundan teşkil olan ürün bu haliyle özellikle mevcut yapıların ses yalıtım değerlerinin minimum tadilat ve yer kaybı ile iyileştirilmesine katkı sağlar. Ağır kütlesi sayesinde yalıtılması daha zor olan düşük frekanslarda yani bas seslerde özellikle etkilidir.\nBu ürün serisi iki farklı kalınlıkta üretilmektedir. Mustwall 18 B; 7 mm kauçuk levha ile 12,5 mm beyaz alçı plakadan meydana gelir. Mustwall 33 B ise 20 mm kalınlıktaki kauçuk levha üzerine 12,5 mm’lik beyaz alçı plakanın lamine edilmesiyle elde edilir. Her iki ürün de 1,20 m eninde 2,00 m uzunluğundadır. Mustwall 18B 14,5 kg /m², Mustwall 33B ise 19,5 kg/m² ağırlığındadır.',NULL,NULL,'images/products/mustwall-b.jpg',NULL,NULL,'[\"products\\/pdfs\\/mustwall-b-1.pdf\",\"products\\/pdfs\\/mustwall-b-2.pdf\",\"products\\/pdfs\\/mustwall-b-3.pdf\",\"products\\/pdfs\\/mustwall-b-4.pdf\"]',19,1,'2026-01-13 17:52:26','2026-01-13 17:52:36'),(20,'REWALL 40','REWALL 40',3,'Rewall plaka, bir yüzü alçı plaka, ortada yüksek yoğunluklu kauçuk ve diğer yüzü polyester keçeden oluşan kompozit bir malzemedir. Ses yalıtımı bakımından yetersiz duvarların performansını arttırmak için ideal çözümler sunar. Yüksek ses ve ısı yalıtım özelliğine sahip, hızlı ve kolay uygulanan, geri dönüşümlü malzemelerden elde edilmiş ekolojik bir üründür. Mevcut bölme duvarların yüzeyine, mevcut hali ile ilave işlem veya tadilata gerek duyulmadan dübeller vasıtasıyla monte edilir.\nNemden, rutubetten etkilenmeyen yapısı sayesinde ıslak hacimlerin yalıtımında tercih sebebidir. Yanıcılık sınıfı B-s1 d0 olan ürün yangın yükü teşkil eden mekanik odalar, asansör boşlukları ve teknik hacimlerde kullanıma uygundur. Ürünün dış yüzünde 12,5 mm’lik alçı plaka yer alırken orta katmanda 8 mm kalınlıkta 800 kg /m³ yoğunlukta SBR kauçuk bariyer ve en iç katmanda ise 100 kg /m³ yoğunlukta 20 mm polyester keçe levha yer alır. Toplam kalınlık 40 mm ve metrekare ağırlığı 18,00 kg’dır. Ürün 1,20 m genişlikte ve 2,00 metre uzunluktadır.','Rewall plaka, bir yüzü alçı plaka, ortada yüksek yoğunluklu kauçuk ve diğer yüzü polyester keçeden oluşan kompozit bir malzemedir. Ses yalıtımı bakımından yetersiz duvarların performansını arttırmak için ideal çözümler sunar. Yüksek ses ve ısı yalıtım özelliğine sahip, hızlı ve kolay uygulanan, geri dönüşümlü malzemelerden elde edilmiş ekolojik bir üründür. Mevcut bölme duvarların yüzeyine, mevcut hali ile ilave işlem veya tadilata gerek duyulmadan dübeller vasıtasıyla monte edilir.\nNemden, rutubetten etkilenmeyen yapısı sayesinde ıslak hacimlerin yalıtımında tercih sebebidir. Yanıcılık sınıfı B-s1 d0 olan ürün yangın yükü teşkil eden mekanik odalar, asansör boşlukları ve teknik hacimlerde kullanıma uygundur. Ürünün dış yüzünde 12,5 mm’lik alçı plaka yer alırken orta katmanda 8 mm kalınlıkta 800 kg /m³ yoğunlukta SBR kauçuk bariyer ve en iç katmanda ise 100 kg /m³ yoğunlukta 20 mm polyester keçe levha yer alır. Toplam kalınlık 40 mm ve metrekare ağırlığı 18,00 kg’dır. Ürün 1,20 m genişlikte ve 2,00 metre uzunluktadır.',NULL,NULL,'images/products/rewall-40.jpg',NULL,NULL,'[\"products\\/pdfs\\/rewall-40-1.pdf\",\"products\\/pdfs\\/rewall-40-2.pdf\"]',20,1,'2026-01-13 17:52:26','2026-01-13 17:52:36'),(21,'MEGAMAT 500','MEGAMAT 500',4,'Makinaların oluşturduğu titreşimler yapıda yayılarak ve akustik konforu düşürür. Aynı zamanda işçi güvenliğini tehlikeye atar,  belki de endüstriyel olarak en tehlikelisi de makinaların bu titreşimden olumsuz etkilenmesini, hassasiyet ve kalibrasyon problemleri yaşanmasını ve cihazların yıpranma sürecini hızlandırır. Megamat serisi ürünler,  yapıları makinaların titreşiminden ve çevresel titreşim kaynaklarından koruma amacıyla geliştirilmiştir. Doğru malzeme seçimi ve doğru uygulama yöntemleri ile titreşimin yapı boyunca ilerlemesini engeller ve tüm bu olumsuz etkileri ortadan kaldırır.\nMegamat serisi ürünler bina kabuğunun dış kaynaklı titreşimlerden etkilenmesini de engeller. Yapı temelleri ve temel perdelerinde kullanıldığında yapının izolasyonunu tamamlar ve kullanıcıların akustik konforunu arttırır.\nMegamat serisi ürünler kullanım yerine göre, pres gibi ağır makinaların temel çukuru yalıtımında, jeneratör gibi cihazların altında kaide betonu ile ya da daha hafif cihazlarda makinaların yerleştirildiği profillerin/ayakların altında şerit ve/veya takoz şeklinde tercih edilebilir.\nMegamat 500; SBR granül ve liflerinin yırtılmaz bir örtüye poliüretan bazlı bağlayıcı ve sıcak pres ile monte edilmesinden oluşur. 500 kg /m³ yoğunluktadır. 12,5 mm, 25 mm ve 50 mm kalınlıklarda, 0,80 m eninde 1,20 m uzunluğunda üretilir. Düşük ve orta ağırlıktaki yükler altında kullanıma uygundur.     0,25 N/mm² statik ve dinamik yükleme kapasitesine sahiptir.','Makinaların oluşturduğu titreşimler yapıda yayılarak ve akustik konforu düşürür. Aynı zamanda işçi güvenliğini tehlikeye atar,  belki de endüstriyel olarak en tehlikelisi de makinaların bu titreşimden olumsuz etkilenmesini, hassasiyet ve kalibrasyon problemleri yaşanmasını ve cihazların yıpranma sürecini hızlandırır. Megamat serisi ürünler,  yapıları makinaların titreşiminden ve çevresel titreşim kaynaklarından koruma amacıyla geliştirilmiştir. Doğru malzeme seçimi ve doğru uygulama yöntemleri ile titreşimin yapı boyunca ilerlemesini engeller ve tüm bu olumsuz etkileri ortadan kaldırır.\nMegamat serisi ürünler bina kabuğunun dış kaynaklı titreşimlerden etkilenmesini de engeller. Yapı temelleri ve temel perdelerinde kullanıldığında yapının izolasyonunu tamamlar ve kullanıcıların akustik konforunu arttırır.\nMegamat serisi ürünler kullanım yerine göre, pres gibi ağır makinaların temel çukuru yalıtımında, jeneratör gibi cihazların altında kaide betonu ile ya da daha hafif cihazlarda makinaların yerleştirildiği profillerin/ayakların altında şerit ve/veya takoz şeklinde tercih edilebilir.\nMegamat 500; SBR granül ve liflerinin yırtılmaz bir örtüye poliüretan bazlı bağlayıcı ve sıcak pres ile monte edilmesinden oluşur. 500 kg /m³ yoğunluktadır. 12,5 mm, 25 mm ve 50 mm kalınlıklarda, 0,80 m eninde 1,20 m uzunluğunda üretilir. Düşük ve orta ağırlıktaki yükler altında kullanıma uygundur.     0,25 N/mm² statik ve dinamik yükleme kapasitesine sahiptir.',NULL,NULL,'images/products/megamat-500.jpg',NULL,NULL,'[\"products\\/pdfs\\/megamat-500-1.pdf\",\"products\\/pdfs\\/megamat-500-2.pdf\"]',21,1,'2026-01-13 17:52:26','2026-01-13 17:52:36'),(22,'MEGAMAT 650','MEGAMAT 650',4,'Makinaların oluşturduğu titreşimler yapıda yayılarak ve akustik konforu düşürür. Aynı zamanda işçi güvenliğini tehlikeye atar,  belki de endüstriyel olarak en tehlikelisi de makinaların bu titreşimden olumsuz etkilenmesini, hassasiyet ve kalibrasyon problemleri yaşanmasını ve cihazların yıpranma sürecini hızlandırır. Megamat serisi ürünler,  yapıları makinaların titreşiminden ve çevresel titreşim kaynaklarından koruma amacıyla geliştirilmiştir. Doğru malzeme seçimi ve doğru uygulama yöntemleri ile titreşimin yapı boyunca ilerlemesini engeller ve tüm bu olumsuz etkileri ortadan kaldırır.\nMegamat serisi ürünler bina kabuğunun dış kaynaklı titreşimlerden etkilenmesini de engeller. Yapı temelleri ve temel perdelerinde kullanıldığında yapının izolasyonunu tamamlar ve kullanıcıların akustik konforunu arttırır.\nMegamat serisi ürünler kullanım yerine göre, pres gibi ağır makinaların temel çukuru yalıtımında, jeneratör gibi cihazların altında kaide betonu ile ya da daha hafif cihazlarda makinaların yerleştirildiği profillerin/ayakların altında şerit ve/veya takoz şeklinde tercih edilebilir.\nMegamat 650; SBR granül ve liflerinin yırtılmaz bir örtüye poliüretan bazlı bağlayıcı ve sıcak pres ile monte edilmesinden oluşur. 650 kg /m³ yoğunluktadır. 12,5 mm, 25 mm ve 50 mm kalınlıklarda, 0,80 m eninde 1,20 m uzunluğunda üretilir. Orta ağırlıktaki yükler altında kullanıma uygundur.               0,60 N/mm² statik ve dinamik yükleme kapasitesine sahiptir.','Makinaların oluşturduğu titreşimler yapıda yayılarak ve akustik konforu düşürür. Aynı zamanda işçi güvenliğini tehlikeye atar,  belki de endüstriyel olarak en tehlikelisi de makinaların bu titreşimden olumsuz etkilenmesini, hassasiyet ve kalibrasyon problemleri yaşanmasını ve cihazların yıpranma sürecini hızlandırır. Megamat serisi ürünler,  yapıları makinaların titreşiminden ve çevresel titreşim kaynaklarından koruma amacıyla geliştirilmiştir. Doğru malzeme seçimi ve doğru uygulama yöntemleri ile titreşimin yapı boyunca ilerlemesini engeller ve tüm bu olumsuz etkileri ortadan kaldırır.\nMegamat serisi ürünler bina kabuğunun dış kaynaklı titreşimlerden etkilenmesini de engeller. Yapı temelleri ve temel perdelerinde kullanıldığında yapının izolasyonunu tamamlar ve kullanıcıların akustik konforunu arttırır.\nMegamat serisi ürünler kullanım yerine göre, pres gibi ağır makinaların temel çukuru yalıtımında, jeneratör gibi cihazların altında kaide betonu ile ya da daha hafif cihazlarda makinaların yerleştirildiği profillerin/ayakların altında şerit ve/veya takoz şeklinde tercih edilebilir.\nMegamat 650; SBR granül ve liflerinin yırtılmaz bir örtüye poliüretan bazlı bağlayıcı ve sıcak pres ile monte edilmesinden oluşur. 650 kg /m³ yoğunluktadır. 12,5 mm, 25 mm ve 50 mm kalınlıklarda, 0,80 m eninde 1,20 m uzunluğunda üretilir. Orta ağırlıktaki yükler altında kullanıma uygundur.               0,60 N/mm² statik ve dinamik yükleme kapasitesine sahiptir.',NULL,NULL,'images/products/megamat-650.jpg',NULL,NULL,'[\"products\\/pdfs\\/megamat-650-1.pdf\",\"products\\/pdfs\\/megamat-650-2.pdf\"]',22,1,'2026-01-13 17:52:26','2026-01-13 17:52:36'),(23,'MEGAMAT 800','MEGAMAT 800',4,'Makinaların oluşturduğu titreşimler yapıda yayılarak ve akustik konforu düşürür. Aynı zamanda işçi güvenliğini tehlikeye atar,  belki de endüstriyel olarak en tehlikelisi de makinaların bu titreşimden olumsuz etkilenmesini, hassasiyet ve kalibrasyon problemleri yaşanmasını ve cihazların yıpranma sürecini hızlandırır. Megamat serisi ürünler,  yapıları makinaların titreşiminden ve çevresel titreşim kaynaklarından koruma amacıyla geliştirilmiştir. Doğru malzeme seçimi ve doğru uygulama yöntemleri ile titreşimin yapı boyunca ilerlemesini engeller ve tüm bu olumsuz etkileri ortadan kaldırır.\nMegamat serisi ürünler bina kabuğunun dış kaynaklı titreşimlerden etkilenmesini de engeller. Yapı temelleri ve temel perdelerinde kullanıldığında yapının izolasyonunu tamamlar ve kullanıcıların akustik konforunu arttırır.\nMegamat serisi ürünler kullanım yerine göre, pres gibi ağır makinaların temel çukuru yalıtımında, jeneratör gibi cihazların altında kaide betonu ile ya da daha hafif cihazlarda makinaların yerleştirildiği profillerin/ayakların altında şerit ve/veya takoz şeklinde tercih edilebilir.\nMegamat 800; SBR granül ve liflerinin yırtılmaz bir örtüye poliüretan bazlı bağlayıcı ve sıcak pres ile monte edilmesinden oluşur. 800 kg /m³ yoğunluktadır. 12,5 mm ve 25 mm kalınlıklarda, 0,80 m eninde 1,20 m uzunluğunda üretilir. Yüksek yükler altında kullanıma uygundur. 1,50 N/mm² statik ve dinamik yükleme kapasitesine sahiptir.','Makinaların oluşturduğu titreşimler yapıda yayılarak ve akustik konforu düşürür. Aynı zamanda işçi güvenliğini tehlikeye atar,  belki de endüstriyel olarak en tehlikelisi de makinaların bu titreşimden olumsuz etkilenmesini, hassasiyet ve kalibrasyon problemleri yaşanmasını ve cihazların yıpranma sürecini hızlandırır. Megamat serisi ürünler,  yapıları makinaların titreşiminden ve çevresel titreşim kaynaklarından koruma amacıyla geliştirilmiştir. Doğru malzeme seçimi ve doğru uygulama yöntemleri ile titreşimin yapı boyunca ilerlemesini engeller ve tüm bu olumsuz etkileri ortadan kaldırır.\nMegamat serisi ürünler bina kabuğunun dış kaynaklı titreşimlerden etkilenmesini de engeller. Yapı temelleri ve temel perdelerinde kullanıldığında yapının izolasyonunu tamamlar ve kullanıcıların akustik konforunu arttırır.\nMegamat serisi ürünler kullanım yerine göre, pres gibi ağır makinaların temel çukuru yalıtımında, jeneratör gibi cihazların altında kaide betonu ile ya da daha hafif cihazlarda makinaların yerleştirildiği profillerin/ayakların altında şerit ve/veya takoz şeklinde tercih edilebilir.\nMegamat 800; SBR granül ve liflerinin yırtılmaz bir örtüye poliüretan bazlı bağlayıcı ve sıcak pres ile monte edilmesinden oluşur. 800 kg /m³ yoğunluktadır. 12,5 mm ve 25 mm kalınlıklarda, 0,80 m eninde 1,20 m uzunluğunda üretilir. Yüksek yükler altında kullanıma uygundur. 1,50 N/mm² statik ve dinamik yükleme kapasitesine sahiptir.',NULL,NULL,'images/products/megamat-800.jpg',NULL,NULL,'[\"products\\/pdfs\\/megamat-800-1.pdf\",\"products\\/pdfs\\/megamat-800-2.pdf\"]',23,1,'2026-01-13 17:52:26','2026-01-13 17:52:36'),(24,'MEGAMAT 900','MEGAMAT 900',4,'Makinaların oluşturduğu titreşimler yapıda yayılarak ve akustik konforu düşürür. Aynı zamanda işçi güvenliğini tehlikeye atar,  belki de endüstriyel olarak en tehlikelisi de makinaların bu titreşimden olumsuz etkilenmesini, hassasiyet ve kalibrasyon problemleri yaşanmasını ve cihazların yıpranma sürecini hızlandırır. Megamat serisi ürünler,  yapıları makinaların titreşiminden ve çevresel titreşim kaynaklarından koruma amacıyla geliştirilmiştir. Doğru malzeme seçimi ve doğru uygulama yöntemleri ile titreşimin yapı boyunca ilerlemesini engeller ve tüm bu olumsuz etkileri ortadan kaldırır.\nMegamat serisi ürünler bina kabuğunun dış kaynaklı titreşimlerden etkilenmesini de engeller. Yapı temelleri ve temel perdelerinde kullanıldığında yapının izolasyonunu tamamlar ve kullanıcıların akustik konforunu arttırır.\nMegamat serisi ürünler kullanım yerine göre, pres gibi ağır makinaların temel çukuru yalıtımında, jeneratör gibi cihazların altında kaide betonu ile ya da daha hafif cihazlarda makinaların yerleştirildiği profillerin/ayakların altında şerit ve/veya takoz şeklinde tercih edilebilir.\nMegamat 950; SBR granül ve liflerinin yırtılmaz bir örtüye poliüretan bazlı bağlayıcı ve sıcak pres ile monte edilmesinden oluşur. 950 kg /m³ yoğunluktadır. 12,5 mm ve 25 mm kalınlıklarda, 0,80 m eninde 1,20 m uzunluğunda üretilir. Özellikle yüksek ağırlıktaki yükler altında kullanıma uygundur.     2 N/mm² statik ve dinamik yükleme kapasitesine sahiptir.','Makinaların oluşturduğu titreşimler yapıda yayılarak ve akustik konforu düşürür. Aynı zamanda işçi güvenliğini tehlikeye atar,  belki de endüstriyel olarak en tehlikelisi de makinaların bu titreşimden olumsuz etkilenmesini, hassasiyet ve kalibrasyon problemleri yaşanmasını ve cihazların yıpranma sürecini hızlandırır. Megamat serisi ürünler,  yapıları makinaların titreşiminden ve çevresel titreşim kaynaklarından koruma amacıyla geliştirilmiştir. Doğru malzeme seçimi ve doğru uygulama yöntemleri ile titreşimin yapı boyunca ilerlemesini engeller ve tüm bu olumsuz etkileri ortadan kaldırır.\nMegamat serisi ürünler bina kabuğunun dış kaynaklı titreşimlerden etkilenmesini de engeller. Yapı temelleri ve temel perdelerinde kullanıldığında yapının izolasyonunu tamamlar ve kullanıcıların akustik konforunu arttırır.\nMegamat serisi ürünler kullanım yerine göre, pres gibi ağır makinaların temel çukuru yalıtımında, jeneratör gibi cihazların altında kaide betonu ile ya da daha hafif cihazlarda makinaların yerleştirildiği profillerin/ayakların altında şerit ve/veya takoz şeklinde tercih edilebilir.\nMegamat 950; SBR granül ve liflerinin yırtılmaz bir örtüye poliüretan bazlı bağlayıcı ve sıcak pres ile monte edilmesinden oluşur. 950 kg /m³ yoğunluktadır. 12,5 mm ve 25 mm kalınlıklarda, 0,80 m eninde 1,20 m uzunluğunda üretilir. Özellikle yüksek ağırlıktaki yükler altında kullanıma uygundur.     2 N/mm² statik ve dinamik yükleme kapasitesine sahiptir.',NULL,NULL,'images/products/megamat-900.jpg',NULL,NULL,'[\"products\\/pdfs\\/megamat-900-1.pdf\",\"products\\/pdfs\\/megamat-900-2.pdf\"]',24,1,'2026-01-13 17:52:26','2026-01-13 17:52:36'),(25,'MEGAPOINT','MEGAPOINT',4,'Megapoint düşük yüklemelerde kullanılmak üzere geliştirilmiş titreşim yalıtım levhasıdır. Kabarcıklı yapısı sayesinde yükleri noktasal olarak taşır. Özellikle HVAC, jeneratör v.b. sistemlerin kaide betonu ile uygulanmasında kullanılır. Bina taşıyıcı sistemine bağlı oluşturulan yüzme havuzlarının meydana getirdiği yapısal titreşimler ve darbelerin soğurulmasında çok etkilidir. Bu özelliğe sahip Hotel, SPA, ve konutlarda misafir ve oturanların akustik konforunu üst seviyeye çıkararak dinlenme hissiyatını arttırır. \nMegapoint, 25 mm kalınlıkta SBR kauçuk granül ve liflerden teşkil edilmiş, bir yüzünde yırtılmaz örtü bulunan diğer yüzü kabarcıklı yapıya sahip bir titreşim yalıtım levhasıdır. Ürün 0,80 m eninde, 1,20 m uzunluğundadır. Ağırlığı 11 kg /m²’dir. 0,05 N/mm² statik ve dinamik yükleme kapasitesine sahiptir.','Megapoint düşük yüklemelerde kullanılmak üzere geliştirilmiş titreşim yalıtım levhasıdır. Kabarcıklı yapısı sayesinde yükleri noktasal olarak taşır. Özellikle HVAC, jeneratör v.b. sistemlerin kaide betonu ile uygulanmasında kullanılır. Bina taşıyıcı sistemine bağlı oluşturulan yüzme havuzlarının meydana getirdiği yapısal titreşimler ve darbelerin soğurulmasında çok etkilidir. Bu özelliğe sahip Hotel, SPA, ve konutlarda misafir ve oturanların akustik konforunu üst seviyeye çıkararak dinlenme hissiyatını arttırır. \nMegapoint, 25 mm kalınlıkta SBR kauçuk granül ve liflerden teşkil edilmiş, bir yüzünde yırtılmaz örtü bulunan diğer yüzü kabarcıklı yapıya sahip bir titreşim yalıtım levhasıdır. Ürün 0,80 m eninde, 1,20 m uzunluğundadır. Ağırlığı 11 kg /m²’dir. 0,05 N/mm² statik ve dinamik yükleme kapasitesine sahiptir.',NULL,NULL,'images/products/megapoint.jpg',NULL,NULL,'[\"products\\/pdfs\\/megapoint-1.pdf\"]',25,1,'2026-01-13 17:52:26','2026-01-13 17:52:36'),(26,'PROFYL','PROFYL',5,'Profyle; 6 mm kalınlıkta, bir tarafı yapışkanlı korniyer şeklinde polietilen köşe profilidir. Genellikle yüzer döşeme uygulamalarının süpürgeliklere denk gelen kısımlarında kullanılır. Bu ürün sayesinde yüzer şapın duvar ile temasının kesilmesi ve döşemeye gelen darbe etkisinin duvar ile yapının diğer bölümlerine aktarılması engellenir. 5 X 15X 150 cm ve 10 x 20 x 15 cm ölçülerinde üretilir.','Profyle; 6 mm kalınlıkta, bir tarafı yapışkanlı korniyer şeklinde polietilen köşe profilidir. Genellikle yüzer döşeme uygulamalarının süpürgeliklere denk gelen kısımlarında kullanılır. Bu ürün sayesinde yüzer şapın duvar ile temasının kesilmesi ve döşemeye gelen darbe etkisinin duvar ile yapının diğer bölümlerine aktarılması engellenir. 5 X 15X 150 cm ve 10 x 20 x 15 cm ölçülerinde üretilir.',NULL,NULL,'images/products/profyl.jpg',NULL,NULL,'[\"products\\/pdfs\\/profyl-1.pdf\"]',26,1,'2026-01-13 17:52:26','2026-01-13 17:52:36'),(27,'PROFYLE FLAT 5-15','PROFYLE FLAT 5-15',5,'Profyle Flat 5-15, 22-25 kg /m³ arası yoğunluktaki polietilenden imal edilen, 6 mm kalınlıkta, tek tarafı yapışkanlı köşe yalıtım malzemesidir. Köşeye uyumlu olarak ön kesimi yapılmıştır. Tabana oturan yüzey 5 cm, duvara oturan kesim 15 cm yüksekliktedir. Yüzer döşeme imalatında uygulama hızını oldukça arttırır. Aynı zamanda döşeme esnasında meydana gelecek hata ya da eksiklikleri azaltarak ses köprülerinin oluşumunu engeller. Böylece sistem tasarım ve hesap değerlerine uygun performans sağlar.','Profyle Flat 5-15, 22-25 kg /m³ arası yoğunluktaki polietilenden imal edilen, 6 mm kalınlıkta, tek tarafı yapışkanlı köşe yalıtım malzemesidir. Köşeye uyumlu olarak ön kesimi yapılmıştır. Tabana oturan yüzey 5 cm, duvara oturan kesim 15 cm yüksekliktedir. Yüzer döşeme imalatında uygulama hızını oldukça arttırır. Aynı zamanda döşeme esnasında meydana gelecek hata ya da eksiklikleri azaltarak ses köprülerinin oluşumunu engeller. Böylece sistem tasarım ve hesap değerlerine uygun performans sağlar.',NULL,NULL,'images/products/profyle-flat-5-15.jpg',NULL,NULL,'[\"products\\/pdfs\\/profyle-flat-5-15-1.pdf\"]',27,1,'2026-01-13 17:52:26','2026-01-13 17:52:36'),(28,'STICK BANT','STICK BANT',5,'Yüksek yapışma kabiliyetine sahip, hava şartlarına dayanımlı tek tarafı yapışkanlı banttır.\n300 micron kalınlıkta, 6 cm genişlikte ve 25 m uzunluktadır. Bir çok yüzeye oldukça kuvvetli yapışır.\nIsolgomma ürün gamındaki şilte ve levhaların kenar birleşimlerinde tercih edilir.','Yüksek yapışma kabiliyetine sahip, hava şartlarına dayanımlı tek tarafı yapışkanlı banttır.\n300 micron kalınlıkta, 6 cm genişlikte ve 25 m uzunluktadır. Bir çok yüzeye oldukça kuvvetli yapışır.\nIsolgomma ürün gamındaki şilte ve levhaların kenar birleşimlerinde tercih edilir.',NULL,NULL,'images/products/stick-bant.jpg',NULL,NULL,'[\"products\\/pdfs\\/stick-bant-1.pdf\"]',28,1,'2026-01-13 17:52:26','2026-01-13 17:52:36'),(29,'MATRACK','MATRACK',6,'Isolgomm Matrack serisi ürünler raylı sistemlerin hem balast altı ( UBM) hem de döşeme altı ( USM) titreşim yalıtım uygulamasına uygundur. Farklı yoğunluk ve kalınlıkları sayesinde geniş bir tasarım yüküne çözüm sunmaktadır. Prekast ve yerinde imalat uygulamalarına uygundur. Hesap değerlerine bağlı olarak, tüm yüzeyde ya da kısmı olarak şerit ya da takoz olarak tercih edilir. Balast altı uygulamalarda Matrack üzerinde yer alan yırtılmaz örtü suyun drene edilmesini kolaylaştırıcı niteliktedir.','Isolgomm Matrack serisi ürünler raylı sistemlerin hem balast altı ( UBM) hem de döşeme altı ( USM) titreşim yalıtım uygulamasına uygundur. Farklı yoğunluk ve kalınlıkları sayesinde geniş bir tasarım yüküne çözüm sunmaktadır. Prekast ve yerinde imalat uygulamalarına uygundur. Hesap değerlerine bağlı olarak, tüm yüzeyde ya da kısmı olarak şerit ya da takoz olarak tercih edilir. Balast altı uygulamalarda Matrack üzerinde yer alan yırtılmaz örtü suyun drene edilmesini kolaylaştırıcı niteliktedir.',NULL,NULL,'images/products/matrack.jpg',NULL,NULL,'[\"products\\/pdfs\\/matrack-1.pdf\",\"products\\/pdfs\\/matrack-2.pdf\",\"products\\/pdfs\\/matrack-3.pdf\",\"products\\/pdfs\\/matrack-4.pdf\",\"products\\/pdfs\\/matrack-5.pdf\"]',29,1,'2026-01-13 17:52:27','2026-01-13 17:52:36'),(30,'RAY PROFİLLER','RAY PROFİLLER',6,'Protrack Classic ve Protrack Set olarak iki farklı ray profil sitemi sunulmaktadır.\nProtrack Classic rayın kendisi ile dış temas yüzeyi arasında yer alarak buradaki temas yüzeyini yalıtıma amacı güder. Protrack Set, rayı saran kauçuk profilleri sayesinde tüm rayı sistemden koparır ve titreşim transferini minimize eder. Bu sistem sadece bir yalıtım değil aynı zamanda kılavuz rayların inşası esnasında yapısal bir destek olarak çalışır. Rayların elektrik akımına karşı yalıtımında ve kaçak elektriğin önlemesinde mükemmel bir çözümdür. Özel geometrisi sayesinde zemine mükemmel uyum sağlayan Protrack Set tramvay ve demir yolları için Isolgomma’nın yenilikçi ve patenli ürünüdür.','Protrack Classic ve Protrack Set olarak iki farklı ray profil sitemi sunulmaktadır.\nProtrack Classic rayın kendisi ile dış temas yüzeyi arasında yer alarak buradaki temas yüzeyini yalıtıma amacı güder. Protrack Set, rayı saran kauçuk profilleri sayesinde tüm rayı sistemden koparır ve titreşim transferini minimize eder. Bu sistem sadece bir yalıtım değil aynı zamanda kılavuz rayların inşası esnasında yapısal bir destek olarak çalışır. Rayların elektrik akımına karşı yalıtımında ve kaçak elektriğin önlemesinde mükemmel bir çözümdür. Özel geometrisi sayesinde zemine mükemmel uyum sağlayan Protrack Set tramvay ve demir yolları için Isolgomma’nın yenilikçi ve patenli ürünüdür.',NULL,NULL,NULL,NULL,NULL,'[]',30,1,'2026-01-13 17:52:27','2026-01-13 17:52:27'),(31,'TRAVERS ALTI','TRAVERS ALTI',6,'Isolgomma Slitrack (USP) balast ve betonarme raylı sistemlerde traverslerin destek yüzeylerinde kullanılan titreşim yalıtım şeritidir. Bu şeritler ile traversler raylı sitemden tamamıyla izole edilerek titreşimin iletilmesi engellenir. Slitrack serisi ürünler hem konvansiyonel hem de yüksek hızlı tren hatlarının yalıtımına uygundur.','Isolgomma Slitrack (USP) balast ve betonarme raylı sistemlerde traverslerin destek yüzeylerinde kullanılan titreşim yalıtım şeritidir. Bu şeritler ile traversler raylı sitemden tamamıyla izole edilerek titreşimin iletilmesi engellenir. Slitrack serisi ürünler hem konvansiyonel hem de yüksek hızlı tren hatlarının yalıtımına uygundur.',NULL,NULL,'images/products/travers-alti.jpg',NULL,NULL,'[\"products\\/pdfs\\/travers-alti-1.pdf\"]',31,1,'2026-01-13 17:52:27','2026-01-13 17:52:36');
/*!40000 ALTER TABLE `products` ENABLE KEYS */;
UNLOCK TABLES;

--
-- Table structure for table `references`
--

DROP TABLE IF EXISTS `references`;
/*!40101 SET @saved_cs_client     = @@character_set_client */;
/*!40101 SET character_set_client = utf8 */;
CREATE TABLE `references` (
  `id` bigint(20) unsigned NOT NULL AUTO_INCREMENT,
  `name_tr` varchar(255) NOT NULL,
  `name_en` varchar(255) NOT NULL,
  `description_tr` text DEFAULT NULL,
  `description_en` text DEFAULT NULL,
  `category_tr` varchar(255) NOT NULL,
  `category_en` varchar(255) NOT NULL,
  `image` varchar(255) NOT NULL,
  `order` int(11) NOT NULL DEFAULT 0,
  `is_active` tinyint(1) NOT NULL DEFAULT 1,
  `created_at` timestamp NULL DEFAULT NULL,
  `updated_at` timestamp NULL DEFAULT NULL,
  PRIMARY KEY (`id`)
) ENGINE=InnoDB AUTO_INCREMENT=17 DEFAULT CHARSET=utf8mb4 COLLATE=utf8mb4_unicode_ci;
/*!40101 SET character_set_client = @saved_cs_client */;

--
-- Dumping data for table `references`
--

LOCK TABLES `references` WRITE;
/*!40000 ALTER TABLE `references` DISABLE KEYS */;
INSERT INTO `references` VALUES (1,'Doğuş Power Center - NTV & Kral TV','Doğuş Power Center - NTV & Kral TV','Medya merkezi için profesyonel ses yalıtımı ve akustik uygulamalar','Professional sound insulation and acoustic applications for media center','Ticari','Commercial','images/references/1 -doğuş power center ntv kral tv.jpg',1,1,'2026-01-13 17:16:58','2026-01-13 17:21:35'),(2,'Astoria Residence','Astoria Residence','Lüks konut projesi için zemin ve duvar yalıtım sistemleri','Floor and wall insulation systems for luxury residential project','Konut','Residential','images/references/2 -astoria residence.jpg',2,1,'2026-01-13 17:16:58','2026-01-13 17:21:35'),(3,'Swiss Hotel Bosphorus','Swiss Hotel Bosphorus','5 yıldızlı otel için kapsamlı akustik konfor çözümleri','Comprehensive acoustic comfort solutions for 5-star hotel','Otel','Hotel','images/references/3 -swiss hotel bosphorus.jpg',3,1,'2026-01-13 17:16:58','2026-01-13 17:21:35'),(4,'D-Gym Etiler','D-Gym Etiler','Fitness merkezi için titreşim izolasyonu ve ses yalıtımı','Vibration isolation and sound insulation for fitness center','Spor','Sports','images/references/4 -dgym etiler.jpg',4,1,'2026-01-13 17:16:58','2026-01-13 17:21:35'),(5,'Regnum Carya','Regnum Carya','Resort otel kompleksi için yalıtım uygulamaları','Insulation applications for resort hotel complex','Otel','Hotel','images/references/5 -regnum carya.jpg',5,1,'2026-01-13 17:16:58','2026-01-13 17:21:35'),(6,'Vodafone Arena','Vodafone Arena','Stadyum için akustik performans ve titreşim kontrolü','Acoustic performance and vibration control for stadium','Spor','Sports','images/references/6 -vodafone arena.jpg',6,1,'2026-01-13 17:16:58','2026-01-13 17:21:35'),(7,'Eyüboğlu Eğitim Kurumları','Eyüboğlu Educational Institutions','Eğitim tesisleri için ses yalıtımı ve akustik düzenleme','Sound insulation and acoustic arrangement for educational facilities','Eğitim','Education','images/references/7 -eyüboğlu.webp',7,1,'2026-01-13 17:16:58','2026-01-13 17:21:35'),(8,'Maçka Residence','Maçka Residence','Prestijli konut projesi için özel yalıtım çözümleri','Special insulation solutions for prestigious residential project','Konut','Residential','images/references/8 -maçka residence.jpg',8,1,'2026-01-13 17:16:58','2026-01-13 17:21:35'),(9,'Acıbadem Fulya Hastanesi','Acıbadem Fulya Hospital','Sağlık tesisi için titreşim kontrolü ve ses yalıtımı','Vibration control and sound insulation for healthcare facility','Sağlık','Healthcare','images/references/9 -acıbadem fulya.jpg',9,1,'2026-01-13 17:16:58','2026-01-13 17:21:35'),(10,'Fairmont Quasar','Fairmont Quasar','Lüks otel için kapsamlı akustik konfor uygulamaları','Comprehensive acoustic comfort applications for luxury hotel','Otel','Hotel','images/references/10 - fairmont quasar.jpg',10,1,'2026-01-13 17:16:58','2026-01-13 17:21:35'),(11,'Zorlu Center','Zorlu Center','AVM ve iş merkezi kompleksi için yalıtım sistemleri','Insulation systems for shopping mall and business center complex','Ticari','Commercial','images/references/11 - zorlu center.jpg',11,1,'2026-01-13 17:16:58','2026-01-13 17:21:35'),(12,'Diyarbakır Zekai Karakoç Kültür ve Kongre Merkezi','Diyarbakır Zekai Karakoç Culture and Congress Center','Kültür ve kongre merkezi için özel akustik çözümler','Special acoustic solutions for culture and congress center','Kültür','Culture','images/references/12 -diyarbakır zekai karakoç kültür ve kongre merkezi.jpg',12,1,'2026-01-13 17:16:58','2026-01-13 17:21:35'),(13,'DoubleTree Hilton Antalya City Center','DoubleTree Hilton Antalya City Center','Şehir oteli için ses yalıtımı ve konfor uygulamaları','Sound insulation and comfort applications for city hotel','Otel','Hotel','images/references/13 -Double Tree Hilton Antalya City center.jpg',13,1,'2026-01-13 17:16:58','2026-01-13 17:21:35'),(14,'Etlik Şehir Hastanesi','Etlik City Hospital','Büyük hastane kompleksi için titreşim ve ses kontrolü','Vibration and sound control for large hospital complex','Sağlık','Healthcare','images/references/14 -etlik şehir hastanesi.jpg',14,1,'2026-01-13 17:16:58','2026-01-13 17:21:35'),(15,'Regnum Crown Hotel','Regnum Crown Hotel','Resort otel için kapsamlı yalıtım çözümleri','Comprehensive insulation solutions for resort hotel','Otel','Hotel','images/references/15 -regnum crown hotel.webp',15,1,'2026-01-13 17:16:58','2026-01-13 17:21:35'),(16,'MacFit Maltepe Ofispark','MacFit Maltepe Ofispark','Fitness merkezi için titreşim izolasyonu sistemleri','Vibration isolation systems for fitness center','Spor','Sports','images/references/16- macfit maltepe ofispark.png',16,1,'2026-01-13 17:16:58','2026-01-13 17:21:36');
/*!40000 ALTER TABLE `references` ENABLE KEYS */;
UNLOCK TABLES;

--
-- Table structure for table `settings`
--

DROP TABLE IF EXISTS `settings`;
/*!40101 SET @saved_cs_client     = @@character_set_client */;
/*!40101 SET character_set_client = utf8 */;
CREATE TABLE `settings` (
  `id` bigint(20) unsigned NOT NULL AUTO_INCREMENT,
  `key` varchar(255) NOT NULL,
  `value` text DEFAULT NULL,
  `type` varchar(255) NOT NULL DEFAULT 'text',
  `group` varchar(255) NOT NULL DEFAULT 'general',
  `created_at` timestamp NULL DEFAULT NULL,
  `updated_at` timestamp NULL DEFAULT NULL,
  PRIMARY KEY (`id`),
  UNIQUE KEY `settings_key_unique` (`key`)
) ENGINE=InnoDB AUTO_INCREMENT=33 DEFAULT CHARSET=utf8mb4 COLLATE=utf8mb4_unicode_ci;
/*!40101 SET character_set_client = @saved_cs_client */;

--
-- Dumping data for table `settings`
--

LOCK TABLES `settings` WRITE;
/*!40000 ALTER TABLE `settings` DISABLE KEYS */;
INSERT INTO `settings` VALUES (1,'company_name','Nordean','text','general','2026-01-13 17:17:13','2026-01-13 17:17:13'),(2,'company_name_full','Nordean Mühendislik','text','general','2026-01-13 17:17:13','2026-01-13 17:17:13'),(3,'tagline_tr','İtalyan Isolgomma\'nın Türkiye\'deki tek yetkili distribütörü','text','general','2026-01-13 17:17:13','2026-01-13 17:17:13'),(4,'tagline_en','Exclusive distributor of Italian Isolgomma in Turkey','text','general','2026-01-13 17:17:13','2026-01-13 17:17:13'),(5,'address_tr','Yeşilkent Mah. Ardıçlı Manolya Cad. Ardıçlı Göl Evleri No:28/6 İç Kapı No:1, Avcılar, İstanbul','text','contact','2026-01-13 17:17:13','2026-01-13 17:17:13'),(6,'address_en','Yeşilkent Mah. Ardıçlı Manolya Cad. Ardıçlı Göl Evleri No:28/6 Inner Door No:1, Avcılar, Istanbul','text','contact','2026-01-13 17:17:13','2026-01-13 17:17:13'),(7,'phone','+905326421443','text','contact','2026-01-13 17:17:13','2026-01-13 17:17:13'),(8,'phone_display','+90 532 642 14 43','text','contact','2026-01-13 17:17:13','2026-01-13 17:17:13'),(9,'email','info@nordean.com.tr','text','contact','2026-01-13 17:17:13','2026-01-13 17:17:13'),(10,'email_sales','sales@nordean.com.tr','text','contact','2026-01-13 17:17:13','2026-01-17 11:47:16'),(11,'email_support','support@nordean.com.tr','text','contact','2026-01-13 17:17:13','2026-01-17 11:47:16'),(12,'contact_map_url','https://maps.google.com/maps?q=Yeşilkent+Mah.+Ardıçlı+Manolya+Cad.+Ardıçlı+Göl+Evleri+No:28/6+İç+Kapı+No:1,+Avcılar,+İstanbul&t=&z=15&ie=UTF8&iwloc=&output=embed','text','contact','2026-01-13 17:17:13','2026-01-13 17:17:13'),(13,'facebook_url',NULL,'text','social','2026-01-13 17:17:13','2026-01-17 11:49:45'),(14,'instagram_url',NULL,'text','social','2026-01-13 17:17:13','2026-01-17 11:49:45'),(15,'linkedin_url',NULL,'text','social','2026-01-13 17:17:13','2026-01-17 11:49:45'),(16,'twitter_url',NULL,'text','social','2026-01-13 17:17:13','2026-01-17 11:49:45'),(17,'working_hours_tr','Pazartesi - Cuma: 09:00 - 18:00','text','contact','2026-01-13 17:17:13','2026-01-13 17:17:13'),(18,'working_hours_en','Monday - Friday: 09:00 - 18:00','text','contact','2026-01-13 17:17:13','2026-01-13 17:17:13'),(19,'meta_title_tr','NORDEAN - Isolgomma T³rkiye Distrib³t÷r³ | Ses ve Titresim Yalitimi Ã÷z³mleri','text','seo','2026-01-13 17:17:13','2026-01-13 17:17:13'),(20,'meta_title_en','NORDEAN - Isolgomma Turkey Distributor | Sound and Vibration Insulation Solutions','text','seo','2026-01-13 17:17:13','2026-01-13 17:17:13'),(21,'meta_description_tr','Italyan Isolgomma ses ve titresim yalitim ³r³nlerinin T³rkiye tek yetkili distrib³t÷r³ NORDEAN. Bifloor, Sylomer, Roll, Point gibi Isolgomma ³r³nleri ile zemin, duvar, tavan yalitimi ve titresim kontrol³ þ÷z³mleri.','text','seo','2026-01-13 17:17:13','2026-01-13 17:17:13'),(22,'meta_description_en','NORDEAN is the exclusive Turkish distributor of Italian Isolgomma sound and vibration insulation products. Isolgomma products like Bifloor, Sylomer, Roll, Point for floor, wall, ceiling insulation and vibration control solutions.','text','seo','2026-01-13 17:17:13','2026-01-13 17:17:13'),(23,'meta_keywords_tr','isolgomma, isolgomma t³rkiye, isolgomma distrib³t÷r, isolgomma ³r³nleri, ses yalitimi, titresim yalitimi, akustik yalitim, nordean, bifloor, sylomer, roll, point, zemin yalitimi, duvar yalitimi, tavan yalitimi, titresim kontrol³, akustik malzeme, yapi malzemeleri','text','seo','2026-01-13 17:17:13','2026-01-13 17:17:13'),(24,'meta_keywords_en','isolgomma, isolgomma turkey, isolgomma distributor, isolgomma products, sound insulation, vibration insulation, acoustic insulation, nordean, bifloor, sylomer, roll, point, floor insulation, wall insulation, ceiling insulation, vibration control, acoustic materials','text','seo','2026-01-13 17:17:13','2026-01-13 17:17:13'),(25,'mail_driver','smtp','text','mail','2026-01-13 17:17:13','2026-01-13 17:17:13'),(26,'mail_host','smtp-relay.gmail.com','text','mail','2026-01-13 17:17:13','2026-01-13 17:17:13'),(27,'mail_port','587','text','mail','2026-01-13 17:17:13','2026-01-13 17:17:13'),(28,'mail_username','','text','mail','2026-01-13 17:17:13','2026-01-17 11:47:16'),(29,'mail_password','','password','mail','2026-01-13 17:17:13','2026-01-17 11:47:16'),(30,'mail_encryption','tls','select','mail','2026-01-13 17:17:13','2026-01-17 11:47:16'),(31,'mail_from_address','info@nordean.com.tr','text','mail','2026-01-13 17:17:13','2026-01-17 11:47:16'),(32,'mail_from_name','Nordean - Isolgomma Turkey','text','mail','2026-01-13 17:17:13','2026-01-17 11:47:16');
/*!40000 ALTER TABLE `settings` ENABLE KEYS */;
UNLOCK TABLES;

--
-- Table structure for table `sliders`
--

DROP TABLE IF EXISTS `sliders`;
/*!40101 SET @saved_cs_client     = @@character_set_client */;
/*!40101 SET character_set_client = utf8 */;
CREATE TABLE `sliders` (
  `id` bigint(20) unsigned NOT NULL AUTO_INCREMENT,
  `title_tr` varchar(255) NOT NULL,
  `title_en` varchar(255) NOT NULL,
  `subtitle_tr` text DEFAULT NULL,
  `subtitle_en` text DEFAULT NULL,
  `background_image` varchar(255) NOT NULL,
  `order` int(11) NOT NULL DEFAULT 0,
  `is_active` tinyint(1) NOT NULL DEFAULT 1,
  `created_at` timestamp NULL DEFAULT NULL,
  `updated_at` timestamp NULL DEFAULT NULL,
  PRIMARY KEY (`id`)
) ENGINE=InnoDB AUTO_INCREMENT=5 DEFAULT CHARSET=utf8mb4 COLLATE=utf8mb4_unicode_ci;
/*!40101 SET character_set_client = @saved_cs_client */;

--
-- Dumping data for table `sliders`
--

LOCK TABLES `sliders` WRITE;
/*!40000 ALTER TABLE `sliders` DISABLE KEYS */;
INSERT INTO `sliders` VALUES (1,'Ses ve Titreşim Yalıtımında Lider Çözümler','Leading Solutions in Sound and Vibration Insulation','İtalyan Isolgomma\'nın Türkiye\'deki tek yetkili distribütörü olarak, en kaliteli akustik yalıtım malzemelerini sunuyoruz.','As the exclusive distributor of Italian Isolgomma in Turkey, we offer the highest quality acoustic insulation materials.','images/hero1.jpg',1,1,'2026-01-13 17:16:41','2026-01-13 17:16:41'),(2,'Zemin Yalıtımında Üstün Performans','Superior Performance in Floor Insulation','Yüzer döşeme sistemleri ile darbe sesi yalıtımında en etkili çözümler. Konforlu yaşam alanları için profesyonel uygulamalar.','The most effective solutions for impact sound insulation with floating floor systems. Professional applications for comfortable living spaces.','images/hero2.jpg',2,1,'2026-01-13 17:16:41','2026-01-13 17:16:41'),(3,'Duvar ve Bölme Yalıtımı','Wall and Partition Insulation','Hava sesi ve yapısal titreşim kontrolünde yenilikçi malzemeler. Sessiz ve konforlu iç mekanlar için tam çözüm.','Innovative materials for airborne sound and structural vibration control. Complete solution for quiet and comfortable interiors.','images/hero3.jpg',3,1,'2026-01-13 17:16:41','2026-01-13 17:16:41'),(4,'Tavan Akustik Sistemleri','Ceiling Acoustic Systems','Asma tavan uygulamalarında akustik konfor. Ticari ve konut projelerinde ses kontrolü için özel çözümler.','Acoustic comfort in suspended ceiling applications. Special solutions for sound control in commercial and residential projects.','images/hero4.jpg',4,1,'2026-01-13 17:16:41','2026-01-13 17:16:41');
/*!40000 ALTER TABLE `sliders` ENABLE KEYS */;
UNLOCK TABLES;

--
-- Table structure for table `solutions`
--

DROP TABLE IF EXISTS `solutions`;
/*!40101 SET @saved_cs_client     = @@character_set_client */;
/*!40101 SET character_set_client = utf8 */;
CREATE TABLE `solutions` (
  `id` bigint(20) unsigned NOT NULL AUTO_INCREMENT,
  `title_tr` varchar(255) NOT NULL,
  `title_en` varchar(255) NOT NULL,
  `description_tr` text DEFAULT NULL,
  `description_en` text DEFAULT NULL,
  `icon` varchar(255) DEFAULT NULL,
  `image` varchar(255) NOT NULL,
  `order` int(11) NOT NULL DEFAULT 0,
  `is_active` tinyint(1) NOT NULL DEFAULT 1,
  `created_at` timestamp NULL DEFAULT NULL,
  `updated_at` timestamp NULL DEFAULT NULL,
  PRIMARY KEY (`id`)
) ENGINE=InnoDB AUTO_INCREMENT=5 DEFAULT CHARSET=utf8mb4 COLLATE=utf8mb4_unicode_ci;
/*!40101 SET character_set_client = @saved_cs_client */;

--
-- Dumping data for table `solutions`
--

LOCK TABLES `solutions` WRITE;
/*!40000 ALTER TABLE `solutions` DISABLE KEYS */;
INSERT INTO `solutions` VALUES (1,'Zemin Yalıtımı','Floor Insulation','Yüzer döşeme sistemleri ve darbe sesi yalıtımı','Floating floor systems and impact sound insulation','<path stroke-linecap=\"round\" stroke-linejoin=\"round\" stroke-width=\"2\" d=\"M3 12l2-2m0 0l7-7 7 7M5 10v10a1 1 0 001 1h3m10-11l2 2m-2-2v10a1 1 0 01-1 1h-3m-6 0a1 1 0 001-1v-4a1 1 0 011-1h2a1 1 0 011 1v4a1 1 0 001 1m-6 0h6\"/>','images/floor-solution.jpg',1,1,'2026-01-13 17:16:50','2026-01-13 17:16:50'),(2,'Duvar Yalıtımı','Wall Insulation','Hava sesi ve yapısal titreşim kontrolü','Airborne sound and structural vibration control','<path stroke-linecap=\"round\" stroke-linejoin=\"round\" stroke-width=\"2\" d=\"M19 21V5a2 2 0 00-2-2H7a2 2 0 00-2 2v16m14 0h2m-2 0h-5m-9 0H3m2 0h5M9 7h1m-1 4h1m4-4h1m-1 4h1m-5 10v-5a1 1 0 011-1h2a1 1 0 011 1v5m-4 0h4\"/>','images/wall-solution.jpg',2,1,'2026-01-13 17:16:50','2026-01-13 17:16:50'),(3,'Tavan Yalıtımı','Ceiling Insulation','Asma tavan sistemleri ve akustik paneller','Suspended ceiling systems and acoustic panels','<path stroke-linecap=\"round\" stroke-linejoin=\"round\" stroke-width=\"2\" d=\"M3 10h18M3 14h18m-9-4v8m-7 0h14a2 2 0 002-2V8a2 2 0 00-2-2H5a2 2 0 00-2 2v8a2 2 0 002 2z\"/>','images/ceiling-solution.jpg',3,1,'2026-01-13 17:16:50','2026-01-13 17:16:50'),(4,'Titreşim Kontrolü','Vibration Control','Makine ve ekipman titreşim yalıtımı','Machine and equipment vibration insulation','<path stroke-linecap=\"round\" stroke-linejoin=\"round\" stroke-width=\"2\" d=\"M13 10V3L4 14h7v7l9-11h-7z\"/>','images/vibration-solution.jpg',4,1,'2026-01-13 17:16:50','2026-01-13 17:16:50');
/*!40000 ALTER TABLE `solutions` ENABLE KEYS */;
UNLOCK TABLES;

--
-- Table structure for table `users`
--

DROP TABLE IF EXISTS `users`;
/*!40101 SET @saved_cs_client     = @@character_set_client */;
/*!40101 SET character_set_client = utf8 */;
CREATE TABLE `users` (
  `id` bigint(20) unsigned NOT NULL AUTO_INCREMENT,
  `name` varchar(255) NOT NULL,
  `email` varchar(255) NOT NULL,
  `email_verified_at` timestamp NULL DEFAULT NULL,
  `password` varchar(255) NOT NULL,
  `is_admin` tinyint(1) NOT NULL DEFAULT 0,
  `remember_token` varchar(100) DEFAULT NULL,
  `created_at` timestamp NULL DEFAULT NULL,
  `updated_at` timestamp NULL DEFAULT NULL,
  PRIMARY KEY (`id`),
  UNIQUE KEY `users_email_unique` (`email`)
) ENGINE=InnoDB AUTO_INCREMENT=2 DEFAULT CHARSET=utf8mb4 COLLATE=utf8mb4_unicode_ci;
/*!40101 SET character_set_client = @saved_cs_client */;

--
-- Dumping data for table `users`
--

LOCK TABLES `users` WRITE;
/*!40000 ALTER TABLE `users` DISABLE KEYS */;
INSERT INTO `users` VALUES (1,'Admin','info@nordean.com.tr',NULL,'$2y$10$MlT.q20/Y0tqUdtdqm1Bf.fxyyrFZIcRuuvJTcfOb9p3WFEa7TMU.',1,'NRw96dgwXewL51jdOU2SNkdZwuQwVzzf6DwFwLO6QH6yAaTUkxpIyo40dJnV','2026-01-13 16:22:13','2026-01-13 17:17:21');
/*!40000 ALTER TABLE `users` ENABLE KEYS */;
UNLOCK TABLES;

--
-- Table structure for table `visitors`
--

DROP TABLE IF EXISTS `visitors`;
/*!40101 SET @saved_cs_client     = @@character_set_client */;
/*!40101 SET character_set_client = utf8 */;
CREATE TABLE `visitors` (
  `id` bigint(20) unsigned NOT NULL AUTO_INCREMENT,
  `ip` varchar(45) NOT NULL,
  `country_code` varchar(2) DEFAULT NULL,
  `country_name` varchar(255) DEFAULT NULL,
  `city` varchar(255) DEFAULT NULL,
  `user_agent` varchar(255) DEFAULT NULL,
  `url` varchar(255) DEFAULT NULL,
  `referer` varchar(255) DEFAULT NULL,
  `created_at` timestamp NULL DEFAULT NULL,
  `updated_at` timestamp NULL DEFAULT NULL,
  PRIMARY KEY (`id`),
  KEY `visitors_created_at_index` (`created_at`),
  KEY `visitors_country_code_index` (`country_code`)
) ENGINE=InnoDB AUTO_INCREMENT=89 DEFAULT CHARSET=utf8mb4 COLLATE=utf8mb4_unicode_ci;
/*!40101 SET character_set_client = @saved_cs_client */;

--
-- Dumping data for table `visitors`
--

LOCK TABLES `visitors` WRITE;
/*!40000 ALTER TABLE `visitors` DISABLE KEYS */;
INSERT INTO `visitors` VALUES (1,'127.0.0.1','TR','Turkey (Local)','Local','Mozilla/5.0 (Windows NT 10.0; Win64; x64) AppleWebKit/537.36 (KHTML, like Gecko) Chrome/143.0.0.0 Safari/537.36','http://127.0.0.1:8000',NULL,'2026-01-13 17:12:38','2026-01-13 17:12:38'),(2,'127.0.0.1','TR','Turkey (Local)','Local','Mozilla/5.0 (Windows NT 10.0; Win64; x64) AppleWebKit/537.36 (KHTML, like Gecko) Chrome/143.0.0.0 Safari/537.36','http://127.0.0.1:8000/tr',NULL,'2026-01-13 17:12:38','2026-01-13 17:12:38'),(3,'127.0.0.1','TR','Turkey (Local)','Local','Mozilla/5.0 (Windows NT 10.0; Win64; x64) AppleWebKit/537.36 (KHTML, like Gecko) Chrome/143.0.0.0 Safari/537.36','http://127.0.0.1:8000','http://127.0.0.1:8000/tr','2026-01-13 17:12:41','2026-01-13 17:12:41'),(4,'127.0.0.1','TR','Turkey (Local)','Local','Mozilla/5.0 (Windows NT 10.0; Win64; x64) AppleWebKit/537.36 (KHTML, like Gecko) Chrome/143.0.0.0 Safari/537.36','http://127.0.0.1:8000/tr','http://127.0.0.1:8000/tr','2026-01-13 17:12:41','2026-01-13 17:12:41'),(5,'127.0.0.1','TR','Turkey (Local)','Local','Mozilla/5.0 (Windows NT 10.0; Win64; x64) AppleWebKit/537.36 (KHTML, like Gecko) Chrome/143.0.0.0 Safari/537.36','http://127.0.0.1:8000/tr',NULL,'2026-01-13 17:15:43','2026-01-13 17:15:43'),(6,'127.0.0.1','TR','Turkey (Local)','Local','Mozilla/5.0 (Windows NT 10.0; Win64; x64) AppleWebKit/537.36 (KHTML, like Gecko) Chrome/143.0.0.0 Safari/537.36','http://127.0.0.1:8000','http://127.0.0.1:8000/tr','2026-01-13 17:15:43','2026-01-13 17:15:43'),(7,'127.0.0.1','TR','Turkey (Local)','Local','Mozilla/5.0 (Windows NT 10.0; Win64; x64) AppleWebKit/537.36 (KHTML, like Gecko) Chrome/143.0.0.0 Safari/537.36','http://127.0.0.1:8000/tr','http://127.0.0.1:8000/tr','2026-01-13 17:15:43','2026-01-13 17:15:43'),(8,'127.0.0.1','TR','Turkey (Local)','Local','Mozilla/5.0 (Windows NT 10.0; Win64; x64) AppleWebKit/537.36 (KHTML, like Gecko) Chrome/143.0.0.0 Safari/537.36','http://127.0.0.1:8000/tr',NULL,'2026-01-13 17:15:48','2026-01-13 17:15:48'),(9,'127.0.0.1','TR','Turkey (Local)','Local','Mozilla/5.0 (Windows NT 10.0; Win64; x64) AppleWebKit/537.36 (KHTML, like Gecko) Chrome/143.0.0.0 Safari/537.36','http://127.0.0.1:8000','http://127.0.0.1:8000/tr','2026-01-13 17:15:48','2026-01-13 17:15:48'),(10,'127.0.0.1','TR','Turkey (Local)','Local','Mozilla/5.0 (Windows NT 10.0; Win64; x64) AppleWebKit/537.36 (KHTML, like Gecko) Chrome/143.0.0.0 Safari/537.36','http://127.0.0.1:8000/tr','http://127.0.0.1:8000/tr','2026-01-13 17:15:48','2026-01-13 17:15:48'),(11,'127.0.0.1','TR','Turkey (Local)','Local','Mozilla/5.0 (Windows NT 10.0; Win64; x64) AppleWebKit/537.36 (KHTML, like Gecko) Chrome/143.0.0.0 Safari/537.36','http://127.0.0.1:8000/tr',NULL,'2026-01-13 17:18:55','2026-01-13 17:18:55'),(12,'127.0.0.1','TR','Turkey (Local)','Local','Mozilla/5.0 (Windows NT 10.0; Win64; x64) AppleWebKit/537.36 (KHTML, like Gecko) Chrome/143.0.0.0 Safari/537.36','http://127.0.0.1:8000','http://127.0.0.1:8000/tr','2026-01-13 17:18:57','2026-01-13 17:18:57'),(13,'127.0.0.1','TR','Turkey (Local)','Local','Mozilla/5.0 (Windows NT 10.0; Win64; x64) AppleWebKit/537.36 (KHTML, like Gecko) Chrome/143.0.0.0 Safari/537.36','http://127.0.0.1:8000/tr','http://127.0.0.1:8000/tr','2026-01-13 17:18:58','2026-01-13 17:18:58'),(14,'127.0.0.1','TR','Turkey (Local)','Local','Mozilla/5.0 (Windows NT 10.0; Win64; x64) AppleWebKit/537.36 (KHTML, like Gecko) Chrome/143.0.0.0 Safari/537.36','http://127.0.0.1:8000/tr',NULL,'2026-01-13 17:23:08','2026-01-13 17:23:08'),(15,'127.0.0.1','TR','Turkey (Local)','Local','Mozilla/5.0 (Windows NT 10.0; Win64; x64) AppleWebKit/537.36 (KHTML, like Gecko) Chrome/143.0.0.0 Safari/537.36','http://127.0.0.1:8000','http://127.0.0.1:8000/tr','2026-01-13 17:23:08','2026-01-13 17:23:08'),(16,'127.0.0.1','TR','Turkey (Local)','Local','Mozilla/5.0 (Windows NT 10.0; Win64; x64) AppleWebKit/537.36 (KHTML, like Gecko) Chrome/143.0.0.0 Safari/537.36','http://127.0.0.1:8000/tr','http://127.0.0.1:8000/tr','2026-01-13 17:23:08','2026-01-13 17:23:08'),(17,'127.0.0.1','TR','Turkey (Local)','Local','Mozilla/5.0 (Windows NT 10.0; Win64; x64) AppleWebKit/537.36 (KHTML, like Gecko) Chrome/143.0.0.0 Safari/537.36','http://127.0.0.1:8000/tr',NULL,'2026-01-13 17:30:23','2026-01-13 17:30:23'),(18,'127.0.0.1','TR','Turkey (Local)','Local','Mozilla/5.0 (Windows NT 10.0; Win64; x64) AppleWebKit/537.36 (KHTML, like Gecko) Chrome/143.0.0.0 Safari/537.36','http://127.0.0.1:8000','http://127.0.0.1:8000/tr','2026-01-13 17:30:27','2026-01-13 17:30:27'),(19,'127.0.0.1','TR','Turkey (Local)','Local','Mozilla/5.0 (Windows NT 10.0; Win64; x64) AppleWebKit/537.36 (KHTML, like Gecko) Chrome/143.0.0.0 Safari/537.36','http://127.0.0.1:8000/tr','http://127.0.0.1:8000/tr','2026-01-13 17:30:27','2026-01-13 17:30:27'),(20,'127.0.0.1','TR','Turkey (Local)','Local','Mozilla/5.0 (Windows NT 10.0; Win64; x64) AppleWebKit/537.36 (KHTML, like Gecko) Chrome/143.0.0.0 Safari/537.36','http://127.0.0.1:8000/tr',NULL,'2026-01-13 17:32:36','2026-01-13 17:32:36'),(21,'127.0.0.1','TR','Turkey (Local)','Local','Mozilla/5.0 (Windows NT 10.0; Win64; x64) AppleWebKit/537.36 (KHTML, like Gecko) Chrome/143.0.0.0 Safari/537.36','http://127.0.0.1:8000','http://127.0.0.1:8000/tr','2026-01-13 17:32:36','2026-01-13 17:32:36'),(22,'127.0.0.1','TR','Turkey (Local)','Local','Mozilla/5.0 (Windows NT 10.0; Win64; x64) AppleWebKit/537.36 (KHTML, like Gecko) Chrome/143.0.0.0 Safari/537.36','http://127.0.0.1:8000/tr','http://127.0.0.1:8000/tr','2026-01-13 17:32:37','2026-01-13 17:32:37'),(23,'127.0.0.1','TR','Turkey (Local)','Local','Mozilla/5.0 (Windows NT 10.0; Win64; x64) AppleWebKit/537.36 (KHTML, like Gecko) Chrome/143.0.0.0 Safari/537.36','http://127.0.0.1:8000/tr',NULL,'2026-01-13 17:38:09','2026-01-13 17:38:09'),(24,'127.0.0.1','TR','Turkey (Local)','Local','Mozilla/5.0 (Windows NT 10.0; Win64; x64) AppleWebKit/537.36 (KHTML, like Gecko) Chrome/143.0.0.0 Safari/537.36','http://127.0.0.1:8000/tr',NULL,'2026-01-13 17:44:17','2026-01-13 17:44:17'),(25,'127.0.0.1','TR','Turkey (Local)','Local','Mozilla/5.0 (Windows NT 10.0; Win64; x64) AppleWebKit/537.36 (KHTML, like Gecko) Chrome/143.0.0.0 Safari/537.36','http://127.0.0.1:8000/tr',NULL,'2026-01-13 17:49:51','2026-01-13 17:49:51'),(26,'127.0.0.1','TR','Turkey (Local)','Local','Mozilla/5.0 (Windows NT 10.0; Win64; x64) AppleWebKit/537.36 (KHTML, like Gecko) Chrome/143.0.0.0 Safari/537.36','http://127.0.0.1:8000/tr',NULL,'2026-01-13 17:51:20','2026-01-13 17:51:20'),(27,'127.0.0.1','TR','Turkey (Local)','Local','Mozilla/5.0 (Windows NT 10.0; Win64; x64) AppleWebKit/537.36 (KHTML, like Gecko) Chrome/143.0.0.0 Safari/537.36','http://127.0.0.1:8000/tr',NULL,'2026-01-13 17:53:56','2026-01-13 17:53:56'),(28,'127.0.0.1','TR','Turkey (Local)','Local','Mozilla/5.0 (Windows NT 10.0; Win64; x64) AppleWebKit/537.36 (KHTML, like Gecko) Chrome/143.0.0.0 Safari/537.36','http://127.0.0.1:8000/tr',NULL,'2026-01-13 17:59:13','2026-01-13 17:59:13'),(29,'127.0.0.1','TR','Turkey (Local)','Local','Mozilla/5.0 (Windows NT 10.0; Win64; x64) AppleWebKit/537.36 (KHTML, like Gecko) Chrome/143.0.0.0 Safari/537.36','http://127.0.0.1:8000/tr',NULL,'2026-01-13 18:04:18','2026-01-13 18:04:18'),(30,'127.0.0.1','TR','Turkey (Local)','Local','Mozilla/5.0 (Windows NT 10.0; Win64; x64) AppleWebKit/537.36 (KHTML, like Gecko) Chrome/143.0.0.0 Safari/537.36','http://127.0.0.1:8000/tr',NULL,'2026-01-13 18:04:27','2026-01-13 18:04:27'),(31,'127.0.0.1','TR','Turkey (Local)','Local','Mozilla/5.0 (Windows NT 10.0; Win64; x64) AppleWebKit/537.36 (KHTML, like Gecko) Chrome/143.0.0.0 Safari/537.36','http://127.0.0.1:8000/tr',NULL,'2026-01-15 18:07:58','2026-01-15 18:07:58'),(32,'127.0.0.1','TR','Turkey (Local)','Local','Mozilla/5.0 (Windows NT 10.0; Win64; x64) AppleWebKit/537.36 (KHTML, like Gecko) Chrome/143.0.0.0 Safari/537.36','http://127.0.0.1:8000/tr',NULL,'2026-01-15 18:13:29','2026-01-15 18:13:29'),(33,'127.0.0.1','TR','Turkey (Local)','Local','Mozilla/5.0 (Windows NT 10.0; Win64; x64) AppleWebKit/537.36 (KHTML, like Gecko) Chrome/143.0.0.0 Safari/537.36','http://127.0.0.1:8000/tr',NULL,'2026-01-15 18:15:51','2026-01-15 18:15:51'),(34,'127.0.0.1','TR','Turkey (Local)','Local','Mozilla/5.0 (Windows NT 10.0; Win64; x64) AppleWebKit/537.36 (KHTML, like Gecko) Chrome/143.0.0.0 Safari/537.36','http://127.0.0.1:8000/tr',NULL,'2026-01-15 18:21:21','2026-01-15 18:21:21'),(35,'127.0.0.1','TR','Turkey (Local)','Local','Mozilla/5.0 (Windows NT 10.0; Win64; x64) AppleWebKit/537.36 (KHTML, like Gecko) Chrome/143.0.0.0 Safari/537.36','http://127.0.0.1:8000/tr',NULL,'2026-01-15 18:24:32','2026-01-15 18:24:32'),(36,'127.0.0.1','TR','Turkey (Local)','Local','Mozilla/5.0 (Windows NT 10.0; Win64; x64) AppleWebKit/537.36 (KHTML, like Gecko) Chrome/143.0.0.0 Safari/537.36','http://127.0.0.1:8000/tr',NULL,'2026-01-15 18:29:19','2026-01-15 18:29:19'),(37,'127.0.0.1','TR','Turkey (Local)','Local','Mozilla/5.0 (Windows NT 10.0; Win64; x64) AppleWebKit/537.36 (KHTML, like Gecko) Chrome/143.0.0.0 Safari/537.36','http://127.0.0.1:8000/tr',NULL,'2026-01-15 18:34:08','2026-01-15 18:34:08'),(38,'127.0.0.1','TR','Turkey (Local)','Local','Mozilla/5.0 (Windows NT 10.0; Win64; x64) AppleWebKit/537.36 (KHTML, like Gecko) Chrome/143.0.0.0 Safari/537.36','http://127.0.0.1:8000/tr',NULL,'2026-01-15 18:38:10','2026-01-15 18:38:10'),(39,'127.0.0.1','TR','Turkey (Local)','Local','Mozilla/5.0 (Windows NT 10.0; Win64; x64) AppleWebKit/537.36 (KHTML, like Gecko) Chrome/143.0.0.0 Safari/537.36','http://127.0.0.1:8000/tr',NULL,'2026-01-15 18:42:27','2026-01-15 18:42:27'),(40,'127.0.0.1','TR','Turkey (Local)','Local','Mozilla/5.0 (Windows NT 10.0; Win64; x64) AppleWebKit/537.36 (KHTML, like Gecko) Chrome/143.0.0.0 Safari/537.36','http://127.0.0.1:8000/tr',NULL,'2026-01-15 18:50:07','2026-01-15 18:50:07'),(41,'127.0.0.1','TR','Turkey (Local)','Local','Mozilla/5.0 (Windows NT 10.0; Win64; x64) AppleWebKit/537.36 (KHTML, like Gecko) Chrome/143.0.0.0 Safari/537.36','http://127.0.0.1:8000/tr',NULL,'2026-01-15 18:50:38','2026-01-15 18:50:38'),(42,'127.0.0.1','TR','Turkey (Local)','Local','Mozilla/5.0 (Windows NT 10.0; Win64; x64) AppleWebKit/537.36 (KHTML, like Gecko) Chrome/143.0.0.0 Safari/537.36','http://127.0.0.1:8000/tr',NULL,'2026-01-15 18:51:37','2026-01-15 18:51:37'),(43,'127.0.0.1','TR','Turkey (Local)','Local','Mozilla/5.0 (Windows NT 10.0; Win64; x64) AppleWebKit/537.36 (KHTML, like Gecko) Chrome/143.0.0.0 Safari/537.36','http://127.0.0.1:8000/tr',NULL,'2026-01-16 04:04:08','2026-01-16 04:04:08'),(44,'127.0.0.1','TR','Turkey (Local)','Local','Mozilla/5.0 (Windows NT 10.0; Win64; x64) AppleWebKit/537.36 (KHTML, like Gecko) Chrome/143.0.0.0 Safari/537.36','http://127.0.0.1:8000/tr',NULL,'2026-01-16 04:37:49','2026-01-16 04:37:49'),(45,'127.0.0.1','TR','Turkey (Local)','Local','Mozilla/5.0 (Windows NT 10.0; Win64; x64) AppleWebKit/537.36 (KHTML, like Gecko) Chrome/143.0.0.0 Safari/537.36','http://127.0.0.1:8000/tr',NULL,'2026-01-16 04:41:26','2026-01-16 04:41:26'),(46,'127.0.0.1','TR','Turkey (Local)','Local','Mozilla/5.0 (Windows NT 10.0; Win64; x64) AppleWebKit/537.36 (KHTML, like Gecko) Chrome/143.0.0.0 Safari/537.36','http://127.0.0.1:8000/tr',NULL,'2026-01-16 04:41:51','2026-01-16 04:41:51'),(47,'127.0.0.1','TR','Turkey (Local)','Local','Mozilla/5.0 (Windows NT 10.0; Win64; x64) AppleWebKit/537.36 (KHTML, like Gecko) Chrome/143.0.0.0 Safari/537.36','http://127.0.0.1:8000/tr',NULL,'2026-01-16 04:41:56','2026-01-16 04:41:56'),(48,'127.0.0.1','TR','Turkey (Local)','Local','Mozilla/5.0 (Windows NT 10.0; Win64; x64) AppleWebKit/537.36 (KHTML, like Gecko) Chrome/143.0.0.0 Safari/537.36','http://127.0.0.1:8000/tr',NULL,'2026-01-16 04:46:21','2026-01-16 04:46:21'),(49,'127.0.0.1','TR','Turkey (Local)','Local','Mozilla/5.0 (Windows NT 10.0; Win64; x64) AppleWebKit/537.36 (KHTML, like Gecko) Chrome/143.0.0.0 Safari/537.36','http://127.0.0.1:8000/tr',NULL,'2026-01-16 04:52:19','2026-01-16 04:52:19'),(50,'127.0.0.1','TR','Turkey (Local)','Local','Mozilla/5.0 (Windows NT 10.0; Win64; x64) AppleWebKit/537.36 (KHTML, like Gecko) Chrome/143.0.0.0 Safari/537.36','http://127.0.0.1:8000/tr',NULL,'2026-01-16 09:10:52','2026-01-16 09:10:52'),(51,'127.0.0.1','TR','Turkey (Local)','Local','Mozilla/5.0 (Windows NT 10.0; Win64; x64) AppleWebKit/537.36 (KHTML, like Gecko) Chrome/143.0.0.0 Safari/537.36','http://127.0.0.1:8000/tr',NULL,'2026-01-16 10:04:03','2026-01-16 10:04:03'),(52,'127.0.0.1','TR','Turkey (Local)','Local','Mozilla/5.0 (Windows NT 10.0; Win64; x64) AppleWebKit/537.36 (KHTML, like Gecko) Chrome/143.0.0.0 Safari/537.36','http://127.0.0.1:8000/tr',NULL,'2026-01-16 10:04:20','2026-01-16 10:04:20'),(53,'127.0.0.1','TR','Turkey (Local)','Local','Mozilla/5.0 (Windows NT 10.0; Win64; x64) AppleWebKit/537.36 (KHTML, like Gecko) Chrome/143.0.0.0 Safari/537.36','http://127.0.0.1:8000/tr',NULL,'2026-01-16 10:15:53','2026-01-16 10:15:53'),(54,'127.0.0.1','TR','Turkey (Local)','Local','Mozilla/5.0 (Windows NT 10.0; Win64; x64) AppleWebKit/537.36 (KHTML, like Gecko) Chrome/143.0.0.0 Safari/537.36','http://127.0.0.1:8000/tr',NULL,'2026-01-16 10:57:40','2026-01-16 10:57:40'),(55,'127.0.0.1','TR','Turkey (Local)','Local','Mozilla/5.0 (Windows NT 10.0; Win64; x64) AppleWebKit/537.36 (KHTML, like Gecko) Chrome/143.0.0.0 Safari/537.36','http://127.0.0.1:8000/tr',NULL,'2026-01-16 10:57:57','2026-01-16 10:57:57'),(56,'127.0.0.1','TR','Turkey (Local)','Local','Mozilla/5.0 (Windows NT 10.0; Win64; x64) AppleWebKit/537.36 (KHTML, like Gecko) Chrome/143.0.0.0 Safari/537.36','http://127.0.0.1:8000/tr',NULL,'2026-01-16 11:04:49','2026-01-16 11:04:49'),(57,'127.0.0.1','TR','Turkey (Local)','Local','Mozilla/5.0 (Windows NT 10.0; Win64; x64) AppleWebKit/537.36 (KHTML, like Gecko) Chrome/143.0.0.0 Safari/537.36','http://127.0.0.1:8000/tr',NULL,'2026-01-16 11:13:42','2026-01-16 11:13:42'),(58,'127.0.0.1','TR','Turkey (Local)','Local','Mozilla/5.0 (Windows NT 10.0; Win64; x64) AppleWebKit/537.36 (KHTML, like Gecko) Chrome/143.0.0.0 Safari/537.36','http://127.0.0.1:8000/tr',NULL,'2026-01-16 11:16:34','2026-01-16 11:16:34'),(59,'127.0.0.1','TR','Turkey (Local)','Local','Mozilla/5.0 (Windows NT 10.0; Win64; x64) AppleWebKit/537.36 (KHTML, like Gecko) Chrome/143.0.0.0 Safari/537.36','http://127.0.0.1:8000/tr',NULL,'2026-01-16 11:16:56','2026-01-16 11:16:56'),(60,'127.0.0.1','TR','Turkey (Local)','Local','Mozilla/5.0 (Windows NT 10.0; Win64; x64) AppleWebKit/537.36 (KHTML, like Gecko) Chrome/143.0.0.0 Safari/537.36','http://127.0.0.1:8000/tr',NULL,'2026-01-16 12:04:31','2026-01-16 12:04:31'),(61,'127.0.0.1','TR','Turkey (Local)','Local','Mozilla/5.0 (Windows NT 10.0; Win64; x64) AppleWebKit/537.36 (KHTML, like Gecko) Chrome/143.0.0.0 Safari/537.36','http://127.0.0.1:8000/tr',NULL,'2026-01-16 12:17:38','2026-01-16 12:17:38'),(62,'127.0.0.1','TR','Turkey (Local)','Local','Mozilla/5.0 (Windows NT 10.0; Win64; x64) AppleWebKit/537.36 (KHTML, like Gecko) Chrome/143.0.0.0 Safari/537.36','http://127.0.0.1:8000/tr',NULL,'2026-01-16 12:17:54','2026-01-16 12:17:54'),(63,'127.0.0.1','TR','Turkey (Local)','Local','Mozilla/5.0 (Windows NT 10.0; Win64; x64) AppleWebKit/537.36 (KHTML, like Gecko) Chrome/143.0.0.0 Safari/537.36','http://127.0.0.1:8000/tr',NULL,'2026-01-16 12:21:26','2026-01-16 12:21:26'),(64,'127.0.0.1','TR','Turkey (Local)','Local','Mozilla/5.0 (Windows NT 10.0; Win64; x64) AppleWebKit/537.36 (KHTML, like Gecko) Chrome/143.0.0.0 Safari/537.36','http://127.0.0.1:8000/tr',NULL,'2026-01-16 12:23:13','2026-01-16 12:23:13'),(65,'127.0.0.1','TR','Turkey (Local)','Local','Mozilla/5.0 (Windows NT 10.0; Win64; x64) AppleWebKit/537.36 (KHTML, like Gecko) Chrome/143.0.0.0 Safari/537.36','http://127.0.0.1:8000/tr',NULL,'2026-01-16 12:23:21','2026-01-16 12:23:21'),(66,'127.0.0.1','TR','Turkey (Local)','Local','Mozilla/5.0 (Windows NT 10.0; Win64; x64) AppleWebKit/537.36 (KHTML, like Gecko) Chrome/143.0.0.0 Safari/537.36','http://127.0.0.1:8000/tr',NULL,'2026-01-16 12:23:23','2026-01-16 12:23:23'),(67,'127.0.0.1','TR','Turkey (Local)','Local','Mozilla/5.0 (Windows NT 10.0; Win64; x64) AppleWebKit/537.36 (KHTML, like Gecko) Chrome/143.0.0.0 Safari/537.36','http://127.0.0.1:8000/tr',NULL,'2026-01-16 12:23:29','2026-01-16 12:23:29'),(68,'127.0.0.1','TR','Turkey (Local)','Local','Mozilla/5.0 (Windows NT 10.0; Win64; x64) AppleWebKit/537.36 (KHTML, like Gecko) Chrome/143.0.0.0 Safari/537.36','http://127.0.0.1:8000/tr',NULL,'2026-01-16 12:25:46','2026-01-16 12:25:46'),(69,'127.0.0.1','TR','Turkey (Local)','Local','Mozilla/5.0 (Windows NT 10.0; Win64; x64) AppleWebKit/537.36 (KHTML, like Gecko) Chrome/143.0.0.0 Safari/537.36','http://127.0.0.1:8000/tr',NULL,'2026-01-16 12:30:37','2026-01-16 12:30:37'),(70,'127.0.0.1','TR','Turkey (Local)','Local','Mozilla/5.0 (Windows NT 10.0; Win64; x64) AppleWebKit/537.36 (KHTML, like Gecko) Chrome/143.0.0.0 Safari/537.36','http://127.0.0.1:8000/tr',NULL,'2026-01-16 12:35:24','2026-01-16 12:35:24'),(71,'127.0.0.1','TR','Turkey (Local)','Local','Mozilla/5.0 (Windows NT 10.0; Win64; x64) AppleWebKit/537.36 (KHTML, like Gecko) Chrome/143.0.0.0 Safari/537.36','http://127.0.0.1:8000/tr',NULL,'2026-01-16 12:57:03','2026-01-16 12:57:03'),(72,'127.0.0.1','TR','Turkey (Local)','Local','Mozilla/5.0 (Windows NT 10.0; Win64; x64) AppleWebKit/537.36 (KHTML, like Gecko) Chrome/143.0.0.0 Safari/537.36','http://127.0.0.1:8000/tr',NULL,'2026-01-16 13:01:14','2026-01-16 13:01:14'),(73,'127.0.0.1','TR','Turkey (Local)','Local','Mozilla/5.0 (Windows NT 10.0; Win64; x64) AppleWebKit/537.36 (KHTML, like Gecko) Chrome/143.0.0.0 Safari/537.36','http://127.0.0.1:8000/tr',NULL,'2026-01-16 13:06:37','2026-01-16 13:06:37'),(74,'127.0.0.1','TR','Turkey (Local)','Local','Mozilla/5.0 (Windows NT 10.0; Win64; x64) AppleWebKit/537.36 (KHTML, like Gecko) Chrome/143.0.0.0 Safari/537.36','http://127.0.0.1:8000/tr',NULL,'2026-01-16 13:07:00','2026-01-16 13:07:00'),(75,'127.0.0.1','TR','Turkey (Local)','Local','Mozilla/5.0 (Windows NT 10.0; Win64; x64) AppleWebKit/537.36 (KHTML, like Gecko) Chrome/143.0.0.0 Safari/537.36','http://127.0.0.1:8000/tr',NULL,'2026-01-16 13:32:35','2026-01-16 13:32:35'),(76,'127.0.0.1','TR','Turkey (Local)','Local','Mozilla/5.0 (Windows NT 10.0; Win64; x64) AppleWebKit/537.36 (KHTML, like Gecko) Chrome/143.0.0.0 Safari/537.36','http://127.0.0.1:8000/tr',NULL,'2026-01-16 13:40:47','2026-01-16 13:40:47'),(77,'127.0.0.1','TR','Turkey (Local)','Local','Mozilla/5.0 (Windows NT 10.0; Win64; x64) AppleWebKit/537.36 (KHTML, like Gecko) Chrome/143.0.0.0 Safari/537.36','http://127.0.0.1:8000/tr',NULL,'2026-01-17 11:02:48','2026-01-17 11:02:48'),(78,'127.0.0.1','TR','Turkey (Local)','Local','Mozilla/5.0 (Windows NT 10.0; Win64; x64) AppleWebKit/537.36 (KHTML, like Gecko) Chrome/143.0.0.0 Safari/537.36','http://127.0.0.1:8000/tr',NULL,'2026-01-17 11:20:05','2026-01-17 11:20:05'),(79,'127.0.0.1','TR','Turkey (Local)','Local','Mozilla/5.0 (Windows NT 10.0; Win64; x64) AppleWebKit/537.36 (KHTML, like Gecko) Chrome/143.0.0.0 Safari/537.36','http://127.0.0.1:8000',NULL,'2026-01-17 12:18:49','2026-01-17 12:18:49'),(80,'127.0.0.1','TR','Turkey (Local)','Local','Mozilla/5.0 (Windows NT 10.0; Win64; x64) AppleWebKit/537.36 (KHTML, like Gecko) Chrome/143.0.0.0 Safari/537.36','http://127.0.0.1:8000/tr',NULL,'2026-01-17 12:18:49','2026-01-17 12:18:49'),(81,'127.0.0.1','TR','Turkey (Local)','Local','Mozilla/5.0 (Windows NT 10.0; Win64; x64) AppleWebKit/537.36 (KHTML, like Gecko) Chrome/143.0.0.0 Safari/537.36','http://127.0.0.1:8000/tr',NULL,'2026-01-17 15:02:19','2026-01-17 15:02:19'),(82,'127.0.0.1','TR','Turkey (Local)','Local','Mozilla/5.0 (Windows NT 10.0; Win64; x64) AppleWebKit/537.36 (KHTML, like Gecko) Chrome/143.0.0.0 Safari/537.36','http://127.0.0.1:8000/tr',NULL,'2026-01-17 15:08:19','2026-01-17 15:08:19'),(83,'127.0.0.1','TR','Turkey (Local)','Local','Mozilla/5.0 (Windows NT 10.0; Win64; x64) AppleWebKit/537.36 (KHTML, like Gecko) Chrome/143.0.0.0 Safari/537.36','http://127.0.0.1:8000/tr',NULL,'2026-01-17 15:12:15','2026-01-17 15:12:15'),(84,'127.0.0.1','TR','Turkey (Local)','Local','Mozilla/5.0 (Windows NT 10.0; Win64; x64) AppleWebKit/537.36 (KHTML, like Gecko) Chrome/143.0.0.0 Safari/537.36','http://127.0.0.1:8000/tr',NULL,'2026-01-17 15:13:03','2026-01-17 15:13:03'),(85,'127.0.0.1','TR','Turkey (Local)','Local','Mozilla/5.0 (Windows NT 10.0; Win64; x64) AppleWebKit/537.36 (KHTML, like Gecko) Chrome/143.0.0.0 Safari/537.36','http://127.0.0.1:8000/tr',NULL,'2026-01-17 15:14:52','2026-01-17 15:14:52'),(86,'127.0.0.1','TR','Turkey (Local)','Local','Mozilla/5.0 (Windows NT 10.0; Win64; x64) AppleWebKit/537.36 (KHTML, like Gecko) Chrome/143.0.0.0 Safari/537.36','http://127.0.0.1:8000/tr',NULL,'2026-01-17 15:21:22','2026-01-17 15:21:22'),(87,'127.0.0.1','TR','Turkey (Local)','Local','Mozilla/5.0 (Windows NT 10.0; Win64; x64) AppleWebKit/537.36 (KHTML, like Gecko) Chrome/143.0.0.0 Safari/537.36','http://127.0.0.1:8000/tr',NULL,'2026-01-17 15:26:14','2026-01-17 15:26:14'),(88,'127.0.0.1','TR','Turkey (Local)','Local','Mozilla/5.0 (Windows NT 10.0; Win64; x64) AppleWebKit/537.36 (KHTML, like Gecko) Chrome/143.0.0.0 Safari/537.36','http://127.0.0.1:8000/tr',NULL,'2026-01-17 15:37:05','2026-01-17 15:37:05');
/*!40000 ALTER TABLE `visitors` ENABLE KEYS */;
UNLOCK TABLES;
/*!40103 SET TIME_ZONE=@OLD_TIME_ZONE */;

/*!40101 SET SQL_MODE=@OLD_SQL_MODE */;
/*!40014 SET FOREIGN_KEY_CHECKS=@OLD_FOREIGN_KEY_CHECKS */;
/*!40014 SET UNIQUE_CHECKS=@OLD_UNIQUE_CHECKS */;
/*!40101 SET CHARACTER_SET_CLIENT=@OLD_CHARACTER_SET_CLIENT */;
/*!40101 SET CHARACTER_SET_RESULTS=@OLD_CHARACTER_SET_RESULTS */;
/*!40101 SET COLLATION_CONNECTION=@OLD_COLLATION_CONNECTION */;
/*!40111 SET SQL_NOTES=@OLD_SQL_NOTES */;

-- Dump completed on 2026-01-17 22:04:48
